vin,manufacturer,year,transmission,price,status
1FF95C5RWPUCU0HSK,Nissan,2016,automatic,31304.99,inactive
UMLA2WGQ5TR15GFXI,Toyota,2022,manual,39578.99,sold
DRGL3C1MAV11P7FFZ,Nissan,2022,automatic,57674.99,sold
9VQR1QX0CR5590VKC,Hyundai,2018,manual,78298.99,inactive
4Z8ABQP7LG1VKGDIZ,Ford,2020,automatic,77363.99,inactive
1OQ8SKWXLLMJVSO1D,Chevrolet,2013,automatic,63228.99,inactive
6LNOZS1Z4RQA7PHFU,Audi,1993,manual,44903.99,active
98F6ZSLH8T0PHCQSG,Chevrolet,2020,automatic,72012.99,inactive
3MC66Q33M75FYXFM8,Chevrolet,2022,manual,75807.99,sold
0FWT0IFFSG9KWLC4J,Chevrolet,1998,manual,77434.99,sold
L0YRLLCJ4FRDB5T1K,BMW,2009,manual,35100.99,inactive
SCNFXOBFLRIPVZZDA,Volkswagen,1991,automatic,28060.99,sold
P00VA5Y9OWA13S8T5,Nissan,1995,automatic,48500.99,sold
RZQ9WY6OMCFTC0MZ2,Hyundai,1997,automatic,47774.99,active
QEPYZSCFCOTIYWWUI,Ford,2004,manual,23289.99,inactive
2Y7H9EL865UX3J33X,Toyota,2008,manual,54860.99,inactive
RHV49MLT07PIVGMR7,Nissan,2006,manual,78443.99,active
Q5DX8AJO33LVIJYP6,Mercedes,1995,manual,43781.99,active
K63X80DDIC2EALJ4Z,BMW,2015,automatic,68820.99,sold
R0R9EN5CA0D4S18WR,Mercedes,1998,automatic,78908.99,sold
Q4COD79J2RH5KLDCU,BMW,2022,automatic,59791.99,inactive
W7VLPUMT9G8HR5KN5,Audi,2014,automatic,62411.99,active
KUACHIAFK7QXM4OGU,Volkswagen,1995,automatic,45860.99,inactive
FSV3HVIBL4FG6UJ9X,Honda,2004,automatic,59100.99,inactive
LGHNEI3PSJD7L774W,Chevrolet,1992,automatic,66905.99,inactive
PRZ4SN4TBEZWSIXD5,Chevrolet,2024,automatic,43006.99,inactive
Z1L6XFCHCVWB30BOK,Volkswagen,2005,automatic,44556.99,sold
E2IVMAZHZWSB25FKE,Toyota,2009,automatic,57394.99,active
QAWGULB7M0WP8ELWK,Honda,1996,automatic,69002.99,inactive
0ETJYMYJ3N2Y9N49A,Toyota,2024,manual,33936.99,inactive
AR6H2VB2S979F07GH,Toyota,1998,automatic,26625.99,inactive
4INLYI22FO31MOZIL,Toyota,2015,automatic,71079.99,sold
XE629P7UDWTBMGIWK,Toyota,2013,automatic,29482.99,sold
X9CHT9EJVDOFGAC7D,Mercedes,1998,automatic,67367.99,inactive
86WVWEXT6HHRN62VX,Volkswagen,2016,manual,71190.99,sold
157I9CMCNQE9K2PY2,Honda,2004,manual,58264.99,inactive
M03ARHDAH7ABGI86V,Honda,2011,manual,65155.99,active
YH8IWXECZYXW53NA0,Toyota,2003,automatic,79163.99,sold
M0QG6MQLPQ4G94FWR,Nissan,2012,automatic,61512.99,active
5XQ1NC2GPY8JMBC5T,Audi,2010,manual,28232.99,active
1EMOH2XXPNH2HVST1,Audi,1990,manual,45481.99,inactive
UD9BBBSKUUOD8516F,Honda,1993,manual,32224.99,active
M7KIRMSC5N86U07T0,Chevrolet,2001,manual,20074.99,active
7MSU863RDVCKS3CQ4,BMW,1994,automatic,57256.99,active
G5OCE9BQH1FH5LLKR,Nissan,2002,automatic,25707.99,inactive
AAG9LAC1ZLY1XUW0Z,Chevrolet,2003,automatic,35127.99,inactive
QPIRUZSBMBND195BE,Hyundai,1990,manual,39087.99,inactive
RQ653EJBS95KE5HGL,Audi,2006,automatic,72707.99,active
88J3JU1XG1LS5NP84,Volkswagen,2018,automatic,73300.99,active
KI44I8INVAN709SXX,Chevrolet,1992,automatic,49825.99,sold
M891QEVY8K3U9RBT9,Hyundai,2024,manual,48211.99,active
0BASYGMZCIEBW8PAN,Ford,1994,manual,29436.99,active
A0FB2FWSTR580U4BU,Volkswagen,2002,manual,41771.99,sold
FCMO2XRANMRTYVLEX,Mercedes,2023,manual,53464.99,sold
J10UW1LBABSPRNQLI,Mercedes,2024,automatic,43388.99,active
6S2ZLGCF7Z0F5EIGD,Volkswagen,2008,manual,60855.99,inactive
EM7TL3XUGDVSAY3TK,Chevrolet,1999,automatic,39557.99,inactive
NEMKH19VJUBS50U82,Audi,1991,manual,62364.99,active
62FYY3HM9E5AXPM9A,Honda,1993,automatic,49642.99,inactive
4JDE0MPRHEQ26PYIQ,Volkswagen,2011,manual,79816.99,active
KR4OOA731WP70I3QC,Hyundai,1997,automatic,47222.99,active
0O1ZWWCN7ZZAIQ4BG,Audi,1990,automatic,64563.99,inactive
TYQOQOFDTDC06ZNXI,Hyundai,2019,automatic,55701.99,inactive
7OQGAX4YXA9HI2YZX,Mercedes,2021,manual,25828.99,sold
3CBP7Y91E4Q9IB6ZT,Mercedes,2006,manual,25726.99,inactive
H0BHAWCA3FSI1K08S,BMW,2023,manual,28811.99,sold
1V1HCYSJLXYNRQYNY,Chevrolet,1991,automatic,40993.99,active
F76ERV7WFLXHYW1VU,BMW,2002,manual,77181.99,inactive
9R4C2C3JNIEOM481K,Toyota,2018,automatic,32169.99,inactive
6IN94EBC1JUB283TP,Audi,1997,manual,44693.99,inactive
L5TDAW1WNUUEXO89L,Mercedes,2014,automatic,67669.99,inactive
OVEAAV48WRSEEIH0Q,Ford,2019,automatic,53170.99,inactive
HZTX123YHDCV24KE9,Volkswagen,1991,automatic,59108.99,inactive
9043W3ZVRFYULIGB1,Honda,1999,automatic,65399.99,active
Q5F1IN4A7B82XDDKK,Honda,1998,automatic,59526.99,active
8AIUFVSRWGJX6JD3Y,Hyundai,1995,manual,48196.99,active
G0GWRHI37RVO0J7XJ,Ford,2016,automatic,52962.99,active
6RMOS0HEMDQ9IUXYE,Honda,2007,automatic,70297.99,sold
CWJ7CT3ULJ10VYEAM,BMW,2011,automatic,32525.99,active
O85E69TQZQC58DYO3,Mercedes,2023,manual,38037.99,sold
Q22HG4YPPU7AFRTGL,Ford,2009,automatic,68004.99,inactive
69P76M016VBQ22OZC,Volkswagen,2018,automatic,60197.99,inactive
4VDYVTP7S165OUQ9J,Audi,1992,manual,51006.99,active
HF8L95YLFZG0YMCCB,Ford,1991,automatic,20689.99,active
8ZN38DB3GC5GBOXA9,Audi,2020,automatic,37820.99,active
CKVNNZ7SZBMSGARHG,Honda,2021,manual,58182.99,sold
2SNCOR2ME66DR2NNJ,Honda,1991,manual,75211.99,inactive
OJ7HODZH7AEKL7JT5,Ford,2012,automatic,20059.99,inactive
FZT0O36PWYT3F6MAL,Volkswagen,1996,automatic,25125.99,sold
P22KK4RTOZYITMUPE,Mercedes,2000,automatic,60366.99,sold
WMU89QLEL0Q7ZYMOH,BMW,2020,manual,70818.99,active
8VPRSKJSF069LIECF,Toyota,2013,manual,21611.99,sold
JZHQMGJ3WDA9Z7V4H,Hyundai,1992,automatic,24644.99,sold
ZMJFJXHEHO1UFRYFD,Audi,2011,automatic,62569.99,active
Y9OIM5SQ04WRG3VC6,Hyundai,2004,manual,52892.99,inactive
Z1XODLLPK4KEY7LSU,Audi,2011,automatic,67843.99,sold
YVL7R6GT69MSQ25N0,Nissan,2016,automatic,66875.99,inactive
NHJV5V5ZOO9FK4S7V,Volkswagen,1991,manual,27812.99,active
6BG8MNKR7C5BMIVE8,Audi,1993,automatic,29200.99,sold
RGIU92DQ0VAHJJGLO,Volkswagen,2014,manual,32226.99,sold
TC4510KQYIT3IMBXM,Nissan,1993,manual,44331.99,sold
ACC3R6P8PYCPDOA8D,Hyundai,2003,automatic,45165.99,active
9LNJRD870KNLW9HP6,Hyundai,2023,manual,69153.99,sold
5R43U4SG7HB5O3E1G,Mercedes,1990,automatic,23863.99,inactive
IPKQHBVOTKY79XDFO,Volkswagen,2000,manual,65785.99,inactive
BGSDZP4UH7A99KHNP,Audi,2014,manual,48281.99,inactive
WBMBBCMQ60X6ZUA0C,Nissan,2007,manual,55704.99,active
H0NJ2U77OF6GJJSES,Hyundai,2016,manual,73704.99,inactive
PXM1P4KNT99DV7FYI,Audi,2024,manual,22390.99,inactive
8DVE1639H3087VNXQ,Mercedes,2012,manual,63530.99,inactive
CLQZMAD7BF7JG5ENX,Audi,2003,manual,28079.99,sold
CDPVB8D9VS5S8N38T,Hyundai,2013,manual,48925.99,sold
KG678F1YK7XZ3IHVH,Honda,2006,manual,47674.99,sold
UO0J6JWZRPUHKCBIB,BMW,2008,automatic,76762.99,active
RNIVBFEHG09W2ZZU2,Mercedes,2002,manual,45143.99,inactive
0F0OKSBNL9ME0R9LH,Chevrolet,1994,manual,40983.99,inactive
BFBAVH5OZFK3A57MA,Toyota,1992,manual,62545.99,sold
NKOXVWBSO2UPK9JHQ,Audi,2014,manual,44463.99,inactive
67C0JI3J7YVHRQA9Y,Mercedes,1990,automatic,61072.99,sold
MSBEADDO9NVPLJYWP,Audi,2006,automatic,67782.99,active
FQAKD1YHAY8LSF11N,Honda,2014,automatic,60895.99,active
UKC6TLM47Q1AMZGMY,Ford,1994,manual,53907.99,sold
F7QL47IH1IGPO81LU,Audi,2002,manual,65438.99,inactive
C4U00EDG4Y2AGXQ7A,Honda,1991,manual,27651.99,sold
QTPSJC2YV9GYUS90P,Ford,2002,automatic,25998.99,sold
DXY45KHMZLMDN98US,Nissan,1995,manual,33665.99,sold
XBT5PHA3GHKA44UF2,Toyota,2024,automatic,61133.99,active
48Y9YUVD7IZNMQ7DO,Volkswagen,2019,manual,41961.99,inactive
B2R34XJNV8ITDN0JD,BMW,2003,automatic,54606.99,inactive
U48JSTR9Y8SAI5WZE,Chevrolet,1993,manual,48504.99,inactive
MXQ0CEA7UAUCWEJ57,Hyundai,2003,manual,28555.99,inactive
CTOHW45XZHIEN10HY,Honda,2018,automatic,21318.99,sold
2W1IJ5YMJEJEYSKDI,Honda,2007,automatic,75817.99,active
L7SUG4IMZEZRATH2Q,Ford,1992,manual,23534.99,sold
26I0RZQ62Z30WDDCZ,Mercedes,2009,manual,29805.99,active
50JFJBCO63G4NAQLK,Chevrolet,2020,manual,78469.99,inactive
LX0W4SWSA0D7AMOX9,Hyundai,2015,manual,25729.99,inactive
B0XZF4WIH22P5CQF4,Chevrolet,2000,automatic,78082.99,inactive
T75NYCHC44HREWE1B,Ford,2018,manual,28640.99,active
G9ZL46IX8EYHT6WZM,BMW,1996,automatic,53537.99,inactive
93D3WX4GWVKX0WGVT,Ford,2006,manual,27975.99,inactive
UB1FJQAPANSDAFQPQ,Mercedes,1994,automatic,44749.99,active
7J9PKGD7L67Y5F4TP,Mercedes,2018,manual,79371.99,sold
P5JKH92OSDRXADEGO,Mercedes,1998,manual,67925.99,sold
G9C8FFOYCI2033QY2,Toyota,2002,manual,20974.99,sold
7P0VANQJ3KMC9KW66,Hyundai,2021,automatic,60052.99,inactive
KUIRWAQWWP7I2X1H2,Mercedes,2024,automatic,24911.99,sold
KO2BJL5GLULZ51CWJ,Ford,2021,automatic,25205.99,active
EVU4HOEMMLG2GWD0O,Audi,2002,manual,68649.99,active
U6NOM6C8R5ZZJ6EM1,BMW,2007,manual,40836.99,inactive
EUTJE4GT1FBCQJKZ0,Hyundai,2002,manual,74830.99,inactive
97EWGDHGLJWIFX8HS,Honda,2013,automatic,36237.99,inactive
XS4NUWI60VUNNR4BW,Toyota,2023,automatic,21623.99,active
CDRFVOU8HWFV0KNPX,Nissan,1995,manual,34776.99,sold
Y57ZGFGY7FRXZTN4D,Volkswagen,2001,automatic,78035.99,inactive
AX4CBVYDBD9C3BSEF,Toyota,2023,manual,73036.99,active
ZZM44K4OQTPJNNHKO,Honda,2017,automatic,73923.99,inactive
46EVUU0KPLSH7LOG9,Hyundai,2015,manual,24331.99,sold
50JN8N5EA7YSKCAJA,Toyota,2005,automatic,43450.99,inactive
C6E9XPP8ZLF6E8YIK,Volkswagen,2013,manual,37651.99,active
9U57WQUM3GR1N64TP,Honda,2011,manual,76244.99,active
F2ACK97F0G884E34E,Volkswagen,2019,manual,79459.99,sold
3HH1DBE007PWW5RDV,Honda,2018,manual,71619.99,sold
NBL22DAGKF86M4DVW,Mercedes,2014,manual,44973.99,inactive
L4SLU4RSR882SUA65,Ford,2018,automatic,20539.99,active
891HRN5UDM7RHL7A9,Ford,1993,manual,24824.99,inactive
CXTPC3UVEJLCBRCXK,Audi,2021,automatic,35925.99,active
3ENPLTECGNAWSNHOV,Toyota,2016,automatic,57834.99,inactive
XOME0462LU2F0KRQ9,Toyota,1993,manual,67357.99,active
FTCUDHJXVRFC6XSEP,Nissan,1992,manual,41839.99,inactive
C45DMWI03IUM1VA70,Chevrolet,2015,automatic,51393.99,active
AKFH1GWB1TSYTEYT7,Toyota,2003,manual,66978.99,sold
8G01BNR2Z692YAVME,Chevrolet,2014,automatic,73876.99,active
KAE4PHLJAGPI1JGYQ,Ford,2024,manual,67354.99,inactive
JH0LZTDVEKXK74D51,Hyundai,2021,manual,74778.99,sold
96N7EGW3OFRV9RCN3,Volkswagen,1996,automatic,63840.99,active
JAIDXX0CBNJHETJTE,Chevrolet,2007,manual,36328.99,active
UKHGBHHPEX1Y2JV2I,BMW,2023,manual,67951.99,active
WOEZGD39TY6OA0SB8,Nissan,1995,automatic,79773.99,active
V9AVRDW1SRA568DFV,Chevrolet,2004,automatic,43205.99,active
7JXISCCQBQ7EHLD85,Mercedes,1996,automatic,44858.99,inactive
SICARBPLHVZ3VHALJ,Hyundai,2021,manual,73267.99,inactive
G7V9PGLSBGVV92QNZ,Hyundai,2007,automatic,55440.99,sold
3FQLYEHKU39RXHS7Z,Mercedes,1994,manual,36093.99,active
AXB75D6A96SD1IC4S,Chevrolet,2021,automatic,58127.99,sold
PXIM7ZTB4J21FBX3F,Honda,2022,manual,61365.99,sold
F0EE27D0RII0UW731,BMW,2009,manual,64698.99,sold
XPVE41662AD746UE3,Ford,2011,manual,36405.99,active
06JVQG4Q527Z7XGIG,Hyundai,1996,manual,47442.99,inactive
76JFY2C6BGT0OLBNP,Ford,2023,manual,46286.99,inactive
IRDHMT1CHHE5ZO540,Ford,1995,manual,38361.99,inactive
VYDTEYFEBFLEKCKLQ,Chevrolet,1995,manual,24214.99,inactive
8UT0EH06TM006T9JO,Volkswagen,2023,manual,77691.99,inactive
A8PW4E0LVCRATJ9WC,Honda,2009,automatic,22950.99,inactive
7AGUAGS4DEBR15EKE,BMW,1992,automatic,37322.99,inactive
919VHI1ER2PRBNFZ4,Ford,2004,automatic,57319.99,sold
5WUNTWP2VRRVDX5S8,Toyota,1991,manual,55421.99,active
OHHS5V3ETLRW4GOV5,Chevrolet,2019,manual,27378.99,inactive
5MYY34P5K9LCYDGU8,Hyundai,2024,manual,20697.99,active
AZX64K2JC49DKSGUI,Honda,2021,manual,77372.99,active
6MZVQERMY000U5RA2,Honda,1994,automatic,37080.99,sold
GJQDNG42SH1VC4L1O,Ford,1990,manual,78939.99,inactive
FP7M3UI0OHQTBO1YU,Volkswagen,2024,manual,55270.99,inactive
V3AQQY88CNG6E7OIR,Volkswagen,2021,automatic,66012.99,sold
LTW1S1LHNESCRO7FY,BMW,2011,manual,37652.99,sold
J3SS29VVD1HI7YH4K,Volkswagen,2004,manual,31433.99,active
NML0IQ40Z15IBVEXP,BMW,2020,automatic,20224.99,inactive
VL1DVE2BWSXABTLGM,Audi,2005,automatic,43253.99,active
QSJGHFSTURTAM731K,Mercedes,2010,automatic,21248.99,active
1CI948167483JYC90,Mercedes,2000,manual,40500.99,inactive
AVBTDR7WV1NL05LL9,Hyundai,2000,manual,71570.99,inactive
HM7CFFHOJSFN6NG3C,Mercedes,1994,manual,38022.99,sold
1L942SBVMOFH0AIIJ,Nissan,2002,automatic,64116.99,inactive
5MSH3A73Q1UMPM4Z7,BMW,2012,automatic,45057.99,sold
XUOL3P7L3T0MGH1AH,Chevrolet,2000,manual,49576.99,sold
PZ5LRF38694BXTRQA,Mercedes,2021,manual,32409.99,inactive
57CFY5N1J2FX2QFGQ,Honda,1990,manual,24159.99,inactive
SU7N61GVYJS9WOFUQ,Ford,2021,manual,32133.99,active
WGQZSAEY5HKLDJ2LX,BMW,1993,automatic,29263.99,sold
VMF1AF8GIX2PHWTGM,Ford,2007,manual,64827.99,inactive
QIE2HEGWDQWSO9IZG,Chevrolet,1990,automatic,75407.99,active
BGC2OGXO631S2XI4Y,Chevrolet,2007,manual,54524.99,sold
5119YT40275I2K7GC,BMW,2004,manual,28373.99,inactive
YTX85CT1591LUGGRM,Audi,2020,automatic,75019.99,sold
BMITFLKLFVAYS7DQM,Nissan,2013,manual,75645.99,active
9V2DXOWSOM0FYLPVQ,Audi,1993,automatic,33272.99,inactive
VR1ULW5KFDEZ4ANVX,Hyundai,2016,manual,43608.99,active
58YJIIO2G3NVB2OTW,Volkswagen,1994,automatic,71360.99,inactive
5AQ1HJSJR44YUX92G,Hyundai,2007,automatic,78194.99,inactive
FX7FF1UFMQ5ZB4OM5,BMW,2009,automatic,49931.99,inactive
9IACWP2O2I84O4KB2,BMW,2009,manual,53957.99,active
97SHR40OYJFJCY86J,Chevrolet,2010,automatic,62234.99,active
BYL6DB5B60YGW4JD2,Audi,1994,manual,55103.99,inactive
1XIAUX4ED8K35FNPO,Hyundai,1998,manual,53452.99,active
IGOIXFD07ET0VSQV7,Mercedes,2016,automatic,40475.99,sold
DVRVY7YCDT76BBQN4,Honda,2013,automatic,39316.99,inactive
MVTVBAGQ7R5I7YV0F,Volkswagen,2012,manual,70977.99,inactive
I1B0DRIL8L2IZNIV0,BMW,2023,manual,56407.99,active
WUK9LGGRJX5LFX6H6,Ford,1994,manual,55466.99,inactive
OLXUHDE5Z5SI9JKIR,Chevrolet,2021,automatic,62016.99,inactive
F9BANBPQ8B9YII9Q8,Mercedes,2007,automatic,65611.99,inactive
KW6EKLZJ6DD9LX80K,Ford,2005,manual,72533.99,active
Q4LW4GN18JWYIITF7,Honda,2022,manual,38552.99,sold
FVN4T1B2A2T73CL5H,Volkswagen,2010,automatic,78266.99,sold
S9HORGU1Q9FVYHRKK,BMW,2014,automatic,67442.99,active
H38ZF3LQWZNLG66EA,Hyundai,2000,manual,33692.99,inactive
76GEOA519VGNTONTR,Volkswagen,2003,automatic,62871.99,sold
VEKXKSL85QISJ2YQ4,Volkswagen,2019,manual,53564.99,sold
LA3P9VFUCOQA3O4SB,Chevrolet,1997,automatic,51286.99,active
3153DVZLWENE84TBO,Audi,1991,manual,37326.99,inactive
XAZPR3AURV9TE82HV,Mercedes,2020,automatic,68099.99,inactive
TN9TFNF6258EZUDTQ,Hyundai,2015,manual,20187.99,sold
4Z6O8PZPGJODGHI6U,Honda,2022,automatic,69786.99,sold
BWHQH4WAT8K6QIRR2,Toyota,2013,manual,63178.99,active
RH0BPAPR7O5XABGL0,Honda,2006,automatic,69225.99,sold
KDK34YN1DNAOFUX55,Chevrolet,2020,automatic,29694.99,active
LZQQNU75UA2AQMPUF,Ford,2020,manual,79370.99,inactive
XM68EF12CAQ1EKLBQ,Nissan,2024,manual,48978.99,active
FPROVGYVA1MVZ2FCG,Mercedes,1999,manual,37411.99,inactive
HZMA2EXYUHBN2KKQG,Honda,2023,manual,41554.99,inactive
42NLRMF6C39GATQ80,Honda,1994,manual,48345.99,sold
2V66405DKFU18B4HB,Honda,2005,manual,55263.99,active
TCTKDFOP64P87RHWR,BMW,2005,manual,37692.99,inactive
97IAH8MSD27SQJ10O,Hyundai,1995,manual,71998.99,inactive
T9KZPESI8XR8CQLWF,Hyundai,1995,automatic,38972.99,inactive
74FDMQPH59CBEK131,BMW,2023,automatic,48173.99,inactive
1DKGKU26BO1W0YOKX,Mercedes,2011,automatic,32041.99,inactive
9HBGUF74DBN2IG9ZF,Mercedes,2009,automatic,37530.99,active
PK55A8EENK5ZZK8J0,Volkswagen,2017,manual,73257.99,sold
SZYES68D765DBO81R,Mercedes,2012,manual,74636.99,inactive
678Q59OFYIQ9LXUBY,Audi,1996,manual,44961.99,active
46MFGVBG62MO9WD0S,Volkswagen,2024,manual,79026.99,sold
JFDND2KVOUKA552A7,Nissan,2006,manual,66590.99,inactive
1P5LKHE4PH83FXN6O,Honda,1998,automatic,74622.99,active
G0QCZQUAMBJKN8QGQ,Chevrolet,2011,manual,46723.99,active
I2G5BVBOHZ5EMWX7M,Nissan,2013,manual,36915.99,inactive
Q56SENB8HBWYYRGJ2,Volkswagen,2024,automatic,23621.99,sold
BW37BGNTOPNZMMLKU,Ford,1990,automatic,38369.99,sold
4BURC95VFK6R3PBAM,Mercedes,2005,automatic,47718.99,sold
S6JD8P31VN9AE4JAS,Audi,2003,manual,25966.99,inactive
KK7S32JRV8JWXO82A,Hyundai,2008,automatic,78773.99,inactive
CY1OOU3QJGQCZVKX5,Honda,2018,manual,53636.99,active
R3VJVLBBX8V1G03YG,BMW,1993,manual,22706.99,inactive
WFW2ZQ2MQUMV3BD77,Nissan,2002,automatic,27127.99,sold
4O5ZDG4M695W8BZYC,Ford,2010,manual,30930.99,inactive
4C6B63AB2UFCMUF2C,Nissan,2008,automatic,29143.99,sold
8Y0B11XR6AQPPYU01,Toyota,2011,manual,76114.99,inactive
8WX8JODSC1HCNE7F3,Audi,2024,manual,58341.99,active
9GIHGEAK2UE8ZMQG4,Mercedes,2010,automatic,44636.99,sold
CH95E9N8AID2BFJVH,BMW,2002,automatic,53563.99,inactive
2TS8QFJ3G90DJHW35,Nissan,2020,automatic,35964.99,sold
UMUF782C4OBMMQA3J,Honda,1994,manual,26479.99,sold
5O7P5O7F3B4TVH1ZI,BMW,1992,manual,53772.99,inactive
EIJW4TU804DB0IRAG,Ford,2016,manual,39836.99,inactive
BTK5U9AE5EXL7W8SS,Hyundai,1994,manual,75228.99,active
IKUAFRCYTIM6NVSDE,Chevrolet,1999,manual,69023.99,active
JXCXTU8OXH8ECVCPG,Audi,2015,automatic,34612.99,active
8O2BBWLYQO1RIZS6Z,Toyota,2015,automatic,48933.99,inactive
T8PLVYNN8NELPDUWD,Volkswagen,2006,automatic,77049.99,sold
E1G1RJ7SPCFC2AD9S,Hyundai,2021,manual,55063.99,sold
UJI7OWQA8ES8AK0PN,BMW,2017,automatic,73468.99,inactive
FE0PY77GR100C3NRN,Toyota,2002,manual,66368.99,active
KZ8BTP0GVX6Q7CU5O,Nissan,2002,manual,51168.99,inactive
FLER4GBZUYEQIJ29I,Ford,2002,automatic,77797.99,active
6Y7GDR8EEQRL2OG0T,Hyundai,1997,automatic,28475.99,sold
TN7988QZ9OCHXA7Y1,Hyundai,2001,manual,60203.99,active
2KM94TGEB5A6PJLPP,Toyota,1999,manual,33498.99,active
YQ7H7D7177SIVTCPW,Audi,2010,manual,71952.99,active
CGGH7MZ38JAX4404N,Volkswagen,2024,manual,48339.99,inactive
8IP3GVDTN6PG03C9B,Nissan,2002,automatic,79045.99,inactive
VKU0JY7M9JRCM322X,Ford,2008,automatic,51366.99,inactive
14Z6L4BIDRG87CFWA,Audi,2023,manual,24176.99,active
U5XKCFBR46CQX706P,Ford,2015,manual,39389.99,active
MB0Q1LX6UYS9M2SW0,Nissan,2024,automatic,45848.99,inactive
NLE30KBNZBD1VKGU9,Honda,2018,manual,71948.99,inactive
0SUVKTNLQ6FLL75XP,Volkswagen,1995,automatic,58873.99,sold
HDYBIQ2ARBIGOXUG3,Honda,2022,manual,24065.99,active
081IAOGBA0UN6YCRW,Chevrolet,2009,manual,77685.99,inactive
QZH60Y0JHFPO7O2DI,Honda,2011,automatic,31656.99,active
8L5ZYJSUZMT7A2373,Honda,2024,automatic,66205.99,active
X4A3546QVVLGR5W6D,Audi,1990,automatic,25311.99,inactive
PR9SO0W1T7D1JHMQT,Ford,2008,automatic,54925.99,active
H9A0KZ8H870NQILID,Chevrolet,2022,automatic,42326.99,sold
DWW6PBXQAF2PACORF,Mercedes,1992,manual,39742.99,sold
B41BY2H1M6GMTSSYP,Audi,1997,manual,30885.99,active
927F0JLEK5ADEX1GJ,Volkswagen,2019,manual,55114.99,active
9XIDP183S4R7IRVOC,Ford,2018,manual,26083.99,inactive
V3P1F5B3DH00JBFJS,BMW,2016,automatic,79532.99,active
UFS4KU2CEIOYOC5UC,BMW,2013,manual,36857.99,sold
4ILB7375UMK6DKCN8,Toyota,2011,automatic,67510.99,sold
YSKDJMT2O722N5OEK,Volkswagen,2010,automatic,42717.99,active
XYZQ2Z0QYJCK1ZFEE,Mercedes,2024,manual,68304.99,sold
77SHKLVLTOP0NGXF8,BMW,2008,manual,32856.99,inactive
AF2SVGSTTN0G31P3X,Volkswagen,2016,manual,68196.99,active
Z092HM7FFYJKNRW4U,Hyundai,2019,automatic,59188.99,inactive
KFOBTIJOEVL3B5L90,Volkswagen,2018,automatic,57057.99,active
B69GI4HQ2JMQHTVW6,Ford,2016,manual,71975.99,inactive
11AJ8WZAOSALY4M66,Hyundai,2014,manual,44307.99,active
INP3EQ00G9X4I4N4F,Toyota,2007,automatic,78318.99,sold
982MJ5WXSGM1I3IXR,BMW,2020,automatic,58581.99,inactive
D0X5P9BFPK9F95SQB,Chevrolet,1992,manual,32070.99,active
S0RVEF3AR8FN5850T,Hyundai,2017,manual,58183.99,inactive
DZTFW06TSW6LOBHFR,Hyundai,2007,manual,47037.99,inactive
N5T5KWE2VDBVZJJPZ,Honda,2002,automatic,76533.99,sold
AHJKYCEQRGQNU29KE,Audi,2004,manual,73606.99,sold
YN3P38L4FPFDHIFB6,Nissan,1995,automatic,69167.99,sold
SJDAG8M24J3V4VW40,Mercedes,1992,automatic,47728.99,active
2ERZRZQ42H45IOXIR,Hyundai,2001,manual,63316.99,inactive
EJF50SZWULY7E5U8X,Honda,2020,automatic,36315.99,inactive
V9HBX78OQDERV94ZK,Nissan,2022,automatic,57164.99,active
2XMP39XPWVBJIPSVX,Hyundai,2010,manual,61867.99,inactive
HJ2WB2LD9YHXU9PF1,Hyundai,2009,manual,43506.99,inactive
9RPZ3EJB9KB6RGTR2,Ford,2001,manual,27234.99,active
H2N1NN5OB4B51VZIU,BMW,1994,automatic,29764.99,inactive
Y91OGXM3706IBQ90P,Nissan,2006,manual,74517.99,sold
0I1JDCTPAP21HKG7S,Volkswagen,2005,manual,59811.99,sold
2H7KKAI7XGHG6R2NV,BMW,2015,automatic,63255.99,inactive
SM6DW4BWHFVK83TJK,Honda,2022,automatic,63963.99,active
7JP0K34S60QORPX0J,Hyundai,1995,manual,53869.99,sold
BT2RO6BKS0HVGT08P,Honda,2008,automatic,45523.99,sold
JJ9FIRVJ1809GKS81,Ford,2014,manual,28637.99,sold
AQKN633O479R2AZOV,BMW,2018,manual,42261.99,active
RKX5YVJ4FS4BN049P,Nissan,2001,manual,49182.99,sold
P77A441FD6IRP8AYF,Mercedes,2024,automatic,55775.99,active
O9AXOKFOIP55ZGTMI,BMW,2017,automatic,54372.99,inactive
QB7HX991924NTLJ7N,Hyundai,2016,manual,30397.99,sold
P0LF87HC5TD9HJCFM,Honda,2021,automatic,59349.99,active
P90O155Y7EMM8VC4E,Hyundai,1992,automatic,30146.99,sold
JWA3DRUAH7PCHSKOY,Toyota,2005,manual,46191.99,active
U6EWIHQLLHNZ7XR7Y,Mercedes,1995,manual,36335.99,sold
GV4BYYXOWV1X6YWZB,Hyundai,1997,automatic,62534.99,inactive
QAMBH7P9JKNL158I8,Nissan,2008,manual,73914.99,sold
WXL1NLTBPI1HC9PSF,Mercedes,2002,manual,47700.99,inactive
P9D12RX1PMUXMAF7K,Mercedes,2018,manual,48785.99,sold
FM16ARTZLB6JA8S6S,Honda,2020,automatic,20506.99,active
N3Q48XMAZM3JWKMBV,Ford,1991,manual,48378.99,sold
ICJG02YS0A2EXKRUQ,Hyundai,2002,manual,52916.99,inactive
P0IPNM7YVF7A3EI5T,BMW,2001,manual,44328.99,inactive
YPM2CD3K1JAB5KJG9,Volkswagen,2007,manual,60806.99,inactive
UK6YHPB55LSD438FH,Audi,1992,manual,48199.99,active
ROCARIORKBLL6KZUX,Ford,2019,automatic,72456.99,active
5QVP2ZCIRXECV4G8H,Honda,2019,manual,44752.99,active
P34M4U6CYMYZQHG3D,Volkswagen,1991,manual,74576.99,sold
E2SUWZMFK6MAQH0AQ,Ford,1990,manual,54914.99,active
5811UWEACZVSHCZYX,Volkswagen,2021,automatic,50835.99,inactive
7WQDKXC2QOGYIDASO,Honda,2011,automatic,29517.99,active
216N0CSG6T6EWTXFQ,Volkswagen,2013,manual,62467.99,sold
LLQ0NL635SYEBTWND,Hyundai,2018,automatic,52572.99,inactive
BJYVJEUA8KB86O2DC,Hyundai,2022,manual,22858.99,active
7Q2QRVO6TID5P6Y91,Honda,2001,automatic,42361.99,active
I1RSB4UU7WBVBX7N8,Chevrolet,2010,automatic,30925.99,sold
M7Y5NMHQ40TG64IFF,Toyota,1990,manual,29286.99,sold
UMTQBT6IUP21MQMA1,Honda,2001,automatic,42665.99,inactive
A3EXQJ3NH56N3TSIN,Volkswagen,1996,automatic,64351.99,sold
FNKSR0FRYDVVY1XSF,Audi,1997,automatic,79975.99,sold
YVQA0AOMGF2QGQN7V,Toyota,1999,manual,25380.99,sold
8BIRO3JG11T1YPYBA,Hyundai,2013,manual,43550.99,active
IMXXGRKOASH4B3ZO7,Ford,2014,manual,73062.99,inactive
UWOXXPWTB7KRPX47O,Audi,2015,manual,72277.99,inactive
IP7ONM64548KVSVW2,Nissan,2010,manual,24893.99,active
SLMAWGU6Y44Y3QDYB,Honda,2015,manual,46303.99,active
U8BXBWZGLMTV463JW,Nissan,1994,manual,56218.99,inactive
V560ZZ67S7D3A849I,BMW,1990,automatic,23463.99,sold
KE9FGCN8OUM0AJLRW,Hyundai,2008,manual,22772.99,sold
R7RHIGOC9ZFQMNGYA,Hyundai,2017,automatic,20412.99,active
E8PNNUANYSCG72GL5,Mercedes,2003,automatic,76259.99,active
1EUBH0SHG0AQE3187,Volkswagen,1996,automatic,43030.99,active
AQYAUTPRQXI2YGXN2,Volkswagen,2013,manual,32656.99,sold
P0WF2FKN582QT8UET,BMW,1996,manual,68221.99,active
E1J6APNL4WGCM0LWZ,Ford,2014,manual,46639.99,active
ZQB3PULPE9V2MU8F0,Nissan,2024,automatic,61621.99,active
6TTMAA2CI3PPLP5YP,Toyota,1994,manual,48501.99,active
820HBIWOQ5S0KHUEV,BMW,2016,manual,23778.99,sold
X2T7VEYAQZVT10ZNX,Volkswagen,2006,automatic,61701.99,inactive
8SV4VQ1TQXE4SI20M,Toyota,1992,automatic,45883.99,active
74QFJUEC7QM22XZOF,Nissan,2020,automatic,78485.99,sold
7RLK1FPEIF2AA4B7Y,Honda,2010,automatic,79333.99,inactive
AJX5P8EQCKN634LL6,Nissan,1992,automatic,20915.99,inactive
1LQBK9UA4LLO780O3,Toyota,1992,automatic,58145.99,sold
OTHZX4I3LIUQ1UPK3,Chevrolet,2022,manual,44831.99,inactive
LBETRNERWLJ6RCNHF,Nissan,2019,manual,20618.99,sold
4LLVP3ZXQ1NQRJL6E,Chevrolet,1995,manual,42989.99,active
1E7BNVJHR2MI2L2O3,Toyota,2014,manual,37720.99,sold
TYY0D5EA7MMDSIRIW,Chevrolet,2000,automatic,39359.99,sold
ZZR9X2K0UHSPM23D6,Hyundai,2000,manual,59924.99,sold
BIF8ZKXWNQJ9EOYV9,Honda,2010,manual,71121.99,active
A7NUP3KEJBEQHMKZ2,Toyota,1998,automatic,78119.99,sold
FCXW9YGCYXN0OZLFE,Mercedes,2016,manual,79134.99,sold
IPVCLP97P9TT58L3F,Nissan,2003,automatic,70373.99,sold
5QSTTYHBI1WCAS2GZ,Nissan,2015,automatic,35208.99,sold
JD0APQAZ0EGFHTVDJ,Mercedes,1995,manual,23638.99,inactive
AJVQJ9WQM1IX7NXBQ,Hyundai,2022,automatic,44042.99,active
R6F3K8CRNBOJHOA3B,Volkswagen,2020,automatic,27359.99,active
147WMKAMQPWH6ASFL,Volkswagen,1996,automatic,42114.99,sold
ONJIQPGH5SLNR7X0B,Nissan,2005,automatic,77504.99,active
BXGBB1USYMIEL5DHS,Audi,2011,manual,63526.99,sold
BYJTBYAWR69A2ER4U,Chevrolet,2014,manual,75895.99,active
FSYLMUTAMHNO102Z5,Mercedes,2019,manual,50614.99,active
KDUWBBFU8HIW4SEHS,Nissan,2022,manual,45961.99,inactive
IQ19O54JEW8I03XQ1,Volkswagen,1993,manual,75684.99,active
MMF2SC8S6LAR8IVBP,BMW,2012,manual,41364.99,inactive
8WLO2ZLKOWZWTQFG6,Mercedes,2001,automatic,47263.99,active
DJX6GMYHKXA0URWZA,Nissan,2023,automatic,50243.99,sold
8ZYK2NS79OL0XYEP6,Volkswagen,1991,manual,20874.99,inactive
9S0BZF4H48U16WLOD,BMW,2006,manual,56388.99,active
23WXJPZQCI12LTX33,Hyundai,2023,automatic,63035.99,sold
RDVYXXLBL5PZ88DEN,Nissan,1992,manual,69691.99,active
TYSMSS8CGXEW8MQBU,Audi,1999,manual,32700.99,sold
F3X07F65ROYELF0C4,Mercedes,2010,manual,73094.99,inactive
IGCE0Z7I1U7VBKBY9,BMW,2004,manual,33797.99,inactive
WRLE1GLJZKJVF274L,Honda,2004,manual,54938.99,sold
6SXP7FTD6GAJNNSZD,Honda,1998,automatic,67987.99,inactive
HC7RF8TOU1JY1MAR9,Chevrolet,2017,automatic,60828.99,active
S3TBYLA76E3RQ56KE,Chevrolet,2019,automatic,47249.99,sold
LIW45O24Q84068ECE,Honda,2024,manual,56539.99,inactive
NU88VYP72L0AC3IWU,Honda,1994,automatic,26936.99,inactive
EF9ADIBJIA2RIF30L,Hyundai,2004,automatic,51937.99,sold
FQPRHJC5X9WYDOSLF,Chevrolet,1996,manual,69984.99,inactive
6HHRVSQ7M47HJG03R,Nissan,2011,automatic,79638.99,sold
IGTXTAOWQ2EC4OSB3,Honda,2015,automatic,63152.99,inactive
FR9OQN22JQDJY3570,Audi,2012,automatic,42563.99,inactive
CVCTFX5Z5I3JXY8WN,Chevrolet,1995,automatic,21111.99,active
UAHN14RS5D1FNXT58,Mercedes,1997,manual,74547.99,sold
XMF7O5EVIQT2O1AWL,BMW,1996,manual,53279.99,sold
0OB98CCU3NJ2YVSOY,Honda,2001,automatic,51447.99,inactive
U660FL8J5264NR74X,BMW,2021,manual,28925.99,sold
94Q5FPFJJGAEWP3S4,Audi,2009,manual,37155.99,active
U4EQ2XZ9G6O8WSSK4,Ford,2020,automatic,34602.99,active
2WU68U5UB9WC228LB,Honda,2017,automatic,47001.99,sold
4AXLRSIEP96RXP2KP,BMW,2010,manual,29698.99,sold
QFQPSMD4B0WU8OC0U,BMW,1998,manual,73308.99,active
YH0TLG4PUSA9100EK,Audi,1996,manual,53603.99,inactive
ZLZR6MI2Z0W592TA3,Honda,1998,manual,25548.99,inactive
11AAGOMTM2TOPZVO8,Audi,1995,manual,23739.99,sold
OEZSI6DP94AF314EV,Nissan,2023,automatic,77856.99,active
9YHUNWO69WUFGQ6LQ,Hyundai,1993,manual,69529.99,inactive
XH0TC06R0BURVUNPJ,Hyundai,2023,manual,38629.99,sold
ZT96XAKODHMX6SCSH,Nissan,2023,manual,61058.99,sold
JKD7FQBNOFDNBSYOF,Toyota,2005,automatic,73951.99,sold
C2NWK10QHCX8KQ2W9,Ford,2024,automatic,67015.99,inactive
BE42XOXINM50PKB9C,BMW,1991,manual,24152.99,active
NJGK14MOYETMUQOVA,Nissan,2017,manual,77486.99,active
6B9LAM7UB9HKURYWU,Ford,2022,manual,64520.99,active
N5LCH489QYGVB9POC,Nissan,2004,automatic,46299.99,inactive
INB9CNKOIV1KB8EQG,Chevrolet,2017,automatic,42979.99,sold
QAUOYAWNH7S1A3HX4,Ford,1993,manual,72128.99,sold
9UYDN34H3SKBZWRVD,Volkswagen,2007,automatic,63746.99,inactive
80ECTIQ3OQV0WT3DT,Chevrolet,1997,manual,40093.99,active
AIQ4Z1W7LOXZK9E5L,Ford,2024,manual,59854.99,inactive
2RHR5VBO2LX27AESP,Hyundai,2004,automatic,51631.99,inactive
ZYUW58SPOQNQBMALU,Nissan,2021,automatic,60886.99,sold
0B8LSZVM0L1WOSHZ5,Ford,2005,automatic,22487.99,active
ETQAJAMUDWT6IYQR4,Mercedes,2000,manual,64145.99,sold
CAXFOTJYUXN40A64E,Ford,1998,manual,28061.99,inactive
TOWPBQNATFHLXQLP7,Honda,2004,manual,42395.99,active
SN910FW7X0Z0YV2CK,Nissan,1992,automatic,33200.99,active
5MII4QX4BE552X9BZ,Honda,2014,manual,37177.99,inactive
32276GH6Y6K8R8KUH,Ford,1997,automatic,23251.99,inactive
KGY3QIJTVZ9VTWX2M,BMW,2010,manual,54397.99,inactive
K4V57GIPJ2IQJQ9SQ,Chevrolet,2007,automatic,73918.99,active
Q8JPK5FG1POPOIN13,Volkswagen,1992,automatic,53314.99,sold
ZXL1XFZ98RLVIYJ5P,Audi,2000,automatic,27934.99,inactive
J0EYBPZ9WTCQ0QWZF,Audi,1991,automatic,49700.99,sold
F1XXOJ2BZ3MD39YXD,Hyundai,2011,automatic,33134.99,sold
7ZTPQ0I90YRYJ48CX,BMW,2000,automatic,23469.99,sold
7U23ETMP2JTOB1MGG,Ford,2010,automatic,75861.99,inactive
FVQDKATMA82H0SDKC,Mercedes,2023,automatic,50455.99,active
GH52TE9M0VRXSQ7T7,BMW,2017,manual,23714.99,active
LW4E19TNXJWMXMZ3K,BMW,1996,automatic,74222.99,active
0G78UM84SYUYGYJ4S,Ford,2020,automatic,37253.99,inactive
VPZY3GD8Y77I1SGF4,Chevrolet,2008,manual,29163.99,active
FF3W51NVUX0CHGDS1,Volkswagen,2024,automatic,67076.99,sold
P43IVES8N1TWH9WYM,Audi,1997,automatic,37824.99,inactive
ULU4BI3SSJOFEYRYD,Chevrolet,2020,automatic,39698.99,inactive
RNWH1I218M2P9LMJX,Honda,2000,automatic,24863.99,inactive
ZK0M98ILNGZS7PJXM,Ford,2007,automatic,77432.99,active
46384XGZ1D072BCD5,Hyundai,2000,automatic,69583.99,sold
7GNGIIUFCRBM2NCV3,Toyota,2009,manual,48949.99,inactive
M3WFZSRHFJIO9CJ03,Mercedes,2019,manual,34869.99,sold
UID7HY5LUQ3MVP89V,Chevrolet,2001,automatic,20616.99,inactive
6Q1YKDTYST955UX8D,BMW,1990,automatic,24172.99,sold
ZAP0LUEKM3WCPRHGV,Ford,2017,manual,61840.99,inactive
F8F4DJMTEA1S6Y69T,Chevrolet,2024,automatic,50878.99,inactive
34CHIUJM21RMHZPW3,Chevrolet,2015,automatic,23925.99,active
OJFFOORG5RG5Q04QV,Hyundai,2019,automatic,53064.99,sold
Y2R1SIVF5QR4XL78G,Chevrolet,2023,automatic,43351.99,active
E22HHA01HY45AA2G9,Mercedes,2020,automatic,64027.99,inactive
NVZA8M9B8SGUJUPIW,Honda,2014,manual,35416.99,active
OZ313GD8SX02D4GCW,BMW,2018,manual,43116.99,sold
5LXRFQU526QR7IPIS,Chevrolet,1997,manual,46198.99,sold
C0S9NKCIETURYXG7V,Ford,2024,manual,51587.99,sold
757LCO3EUM8MD5L3M,Volkswagen,1990,manual,43554.99,inactive
LNTV47ABCRJWM9SGB,Volkswagen,2006,manual,68365.99,sold
U1F8OIS3A8G9V7JA5,Honda,1996,manual,23360.99,inactive
RRANRKQVHMYYT5YL5,Ford,2009,manual,47549.99,inactive
2EUX6O7L3A0QDCKA7,Hyundai,1998,manual,31639.99,active
4CUKMEJV55UQ1HR2I,Volkswagen,2004,automatic,75240.99,sold
C3IAU8HM3X40MY52J,Honda,2016,automatic,25712.99,active
5IK6T85ZHCRNWNRTX,Chevrolet,2006,manual,29447.99,inactive
78RNMLNRS8T8YANKB,Mercedes,1990,manual,79686.99,active
PZ2K3K0JIKDF40S50,Chevrolet,2024,automatic,74797.99,active
W8KSOHNLWLU28SK75,BMW,1994,automatic,67624.99,active
H2VT4APDI899BO1ZF,Honda,1992,automatic,20034.99,sold
XN5UGJUSW5A6DAY8R,Chevrolet,2023,automatic,56068.99,sold
HJF7WDFZNKTYUC36R,Nissan,2023,automatic,40218.99,sold
3CDIKHOZNCH9GHLXY,Audi,1998,automatic,51183.99,active
GZGHSSZQ5MXOPPVQH,BMW,2008,automatic,34503.99,sold
EURZG0DJBIWJONK4Q,BMW,2010,automatic,66515.99,active
JVJ4RGFFCGQWER0XO,Volkswagen,2002,automatic,45015.99,active
D53MQS0XI797NF18D,Mercedes,2010,manual,27334.99,inactive
DQUYBWMQY79Y9URYC,Nissan,2004,automatic,41522.99,inactive
NTLQX2L2HWWNTN2OX,Toyota,2018,manual,20720.99,active
4I5TJJC1XLF8OOOMY,Chevrolet,2011,manual,40711.99,active
0GKF2OAEKYPQN6KXX,Honda,2000,automatic,22528.99,sold
WQOIOSUKOXFSVZZ9B,Toyota,2021,automatic,55988.99,active
N3GDWCWCYU1L985AG,Mercedes,1999,manual,57624.99,active
72JVN7BT0371SQIBA,Volkswagen,2015,manual,26720.99,active
AXV7XACULYV35997J,Hyundai,1996,automatic,38623.99,active
OHTELFOQHVMADJKTT,Nissan,2013,automatic,41795.99,active
65WXQBXQGUVIOQGUT,Mercedes,1993,automatic,57490.99,active
LKRRW8PHB44Z3G7T1,Mercedes,2009,manual,76513.99,active
FA2SE8D3UMOOGG2R3,BMW,2010,automatic,37735.99,inactive
433B0AKQXNTN39IWC,Volkswagen,2001,automatic,65854.99,sold
2M41TRVQ05HMBAYXV,Hyundai,1990,automatic,65791.99,active
39HC31OVZL1UDNSLF,BMW,2017,automatic,42886.99,sold
R26KGTCYANBA0RMY9,Volkswagen,1996,manual,38628.99,inactive
MSLYPK640HREOUOOM,Chevrolet,2024,manual,38841.99,active
3NJ7OJ6JUN7C0A63T,Chevrolet,2019,manual,25088.99,sold
YD5C4A7RK3MF5DCF7,Hyundai,2022,automatic,48748.99,active
MUMVMDLN7R8BBYS19,Audi,2007,manual,41846.99,inactive
30LGWUDESHOWKQN1J,Toyota,2022,manual,54597.99,sold
YNVWUA27D7X9H1GZB,Toyota,2024,manual,54368.99,inactive
U0H2H0SEICD5VBLQI,BMW,1997,automatic,28929.99,inactive
4CLHU3RP2ZBOXNHO3,Honda,2021,automatic,54192.99,active
ZWF6F17HN5W0PEDD7,Mercedes,2019,manual,34668.99,inactive
I3IYNCMI9M7QE0AAJ,Audi,2000,automatic,63209.99,sold
FHXDA9ZMJS2IU0W4Q,Honda,2017,manual,59634.99,inactive
UOD9ZHJ1WEMMNOWCH,Ford,2022,automatic,42007.99,sold
D68F50KBCNQKXIWHS,Chevrolet,2020,automatic,22913.99,sold
IT7OTBPRVY3VSW1FB,Chevrolet,2020,automatic,55495.99,inactive
55OMCF6STE2873QU6,Chevrolet,2009,automatic,46929.99,inactive
TSK6XZVUEX0IUTEQH,Volkswagen,2001,manual,32641.99,active
2YYU9WBHVKPDRS26B,Chevrolet,2022,automatic,38192.99,sold
FX7CP7CVZFG0YDIW9,Chevrolet,2021,manual,69294.99,sold
FC8UUQNIRGOW12G5L,Honda,1998,manual,42764.99,inactive
8D1073WX39626YY53,BMW,2006,automatic,43226.99,sold
VGGRPLPURK3O3JN5L,Mercedes,2010,manual,52834.99,sold
WN9JJINIV91DDM3TF,Toyota,2017,automatic,38985.99,inactive
5KQHNBDFY644N93I4,Hyundai,2013,automatic,73466.99,inactive
94UQU67R4DHNWVO5S,Mercedes,2005,manual,78175.99,inactive
GYWS294ZJJKCPOS6J,Volkswagen,2010,manual,65971.99,inactive
BIMQI4XWM59ICTGZ8,Ford,2003,manual,78664.99,sold
IDOCCAAA9PLC9PP6I,Ford,2010,manual,72733.99,active
ZFJPTWA2HU7MXB7CA,Toyota,2023,automatic,69862.99,sold
EP3CTUCXL40QE7FHF,Chevrolet,1999,manual,26343.99,sold
ZL554EFTFSYNJRSYV,Ford,2007,manual,41591.99,active
0O14QXHEYJSQ9RTFR,Mercedes,1991,manual,41883.99,sold
Q2F9Y3XH9DTX5UMSV,Nissan,2017,automatic,53441.99,inactive
TTL8JI3T8R7H4DJCO,Mercedes,2015,automatic,36081.99,inactive
WX9B1LZGB38E06K0N,Mercedes,1998,automatic,58132.99,sold
37FGP3Q6RBEQ7ZA48,Toyota,1996,manual,57903.99,inactive
L7DSZSXMUFQ8FWEUO,Mercedes,2006,manual,54499.99,sold
3GS48LCJK4M1SJ83K,Volkswagen,2013,manual,43787.99,sold
MN9L49PMWH1ENIKGU,Nissan,1991,manual,36476.99,sold
6VUEZVERHT4QP7NJ7,Hyundai,2022,manual,50171.99,inactive
U6U0H9270W27XFLBD,Hyundai,2012,automatic,56886.99,sold
XCVR6ZEN5FVH70KKW,Hyundai,1990,manual,65631.99,active
NIRQNE8PAZJTFU12T,Honda,2010,manual,56962.99,sold
H96FB6KUGDJMFNSDW,Honda,1998,manual,53957.99,active
LVBZXPGBIQ44K8ONO,Hyundai,2014,manual,61953.99,sold
L0FRV7ZD4SXGMUIJP,BMW,2001,automatic,30006.99,sold
P2R0DIKVU204J3ZYC,Ford,2024,manual,68754.99,inactive
VTSCFEJ83FZEPS4W8,Mercedes,1990,automatic,42515.99,inactive
RFPDNA2HJ8WNMIB9X,BMW,1997,automatic,61640.99,sold
OQWO3L95R6YM0UT6F,Audi,1996,automatic,25998.99,active
HWKXLQ5KD5AY06RJN,Mercedes,2009,automatic,62454.99,sold
F1O4BVL2BH0LBC3N4,Volkswagen,2006,automatic,59436.99,inactive
QJUROJCFMZJI0QH8N,Audi,1991,manual,36668.99,inactive
SPBDERUTUZDQHKWP6,Audi,2004,manual,41801.99,active
4NADD9GLGZEIXWCIU,Nissan,2023,manual,46072.99,inactive
KDHKPUTYKG8Q6KQA7,Audi,2003,manual,74569.99,inactive
67MAZ8ZYTRXKL1IMV,Mercedes,1992,automatic,46277.99,inactive
HLGBO4USA58526EAS,Toyota,2012,automatic,41404.99,sold
YW4QVFB0LYZNFAZV1,Mercedes,2004,manual,61578.99,sold
DZT4SKG31KC1NJBHR,Audi,1994,automatic,58197.99,sold
LE44SQ0NXEB980WHM,Ford,2014,automatic,25184.99,inactive
9JMDNM1TR7B1VS8Z0,Honda,2012,manual,67194.99,inactive
93D3I8TTIK8UVBJE5,Hyundai,2017,manual,76381.99,sold
2E2M8J73RVSW2XG3S,Chevrolet,2020,automatic,43238.99,inactive
Z75AGP8P7U3AQY8HB,Hyundai,1993,manual,55537.99,sold
725CC6DCT8TX6I89Z,Volkswagen,2015,manual,59168.99,active
8TTH0IBGZFDCL7OPA,Hyundai,2023,automatic,47741.99,inactive
3C91CAZND7J3LE5YJ,Honda,2019,manual,49642.99,active
KTPWNEMZC8E42YPOG,Chevrolet,2016,automatic,24064.99,sold
AO2R0RAYEOE1SNCED,Ford,2004,manual,56927.99,inactive
GKIHL54JVWPJBOXVO,Hyundai,2002,manual,36780.99,sold
OUJ8M87JPW81PV735,Nissan,2020,automatic,59718.99,sold
30UHGCX1KYAYY7P3J,Chevrolet,2009,automatic,40715.99,sold
E6C1J63N11U8C10GL,Honda,1996,manual,60955.99,inactive
A51EJPK51JRPZ52R3,Mercedes,1991,automatic,43541.99,inactive
LY3PYWPDNNHEI01DY,Toyota,2001,manual,32309.99,inactive
XVYQQK16FBWAUZZZC,Mercedes,2014,automatic,55509.99,active
BIJJDD4BYKSRXJIQ6,Toyota,1999,automatic,37872.99,sold
LOKU4FA6I45PGWAUN,Chevrolet,2012,manual,48151.99,sold
8GAIWTEJFFP5NCGMW,Hyundai,2002,manual,40071.99,inactive
V3BO5BAD01EHYJTUA,Toyota,1994,automatic,62731.99,active
V1K5VTWA14EU45RZZ,Mercedes,2024,manual,53127.99,sold
H28RW2VR822C75PIK,Toyota,2003,automatic,74618.99,sold
UJGJQ2S2MHBURQ7LX,Toyota,2013,manual,52848.99,active
73TBZRXI9Z2SA0B17,Toyota,2019,automatic,69828.99,active
0Y8JD8QH96RA0ASEK,Honda,2007,automatic,24241.99,sold
DE2AFHGFD5JYS8Z15,Ford,1992,manual,25725.99,sold
2SNUQFVV7NDB4H8N3,Honda,2009,automatic,43729.99,sold
X34MAB0SSHCGHAT6U,Ford,2013,manual,29090.99,inactive
E7BG0J59FQP7EPL72,Nissan,2010,manual,39555.99,sold
EHFT4HZXF3LEACYK4,Nissan,1993,automatic,35895.99,sold
IEG9FOYWD0ICXKG37,Volkswagen,1991,manual,21518.99,active
2L0BQS99STW9IASCF,Mercedes,1999,manual,60021.99,sold
4PRCQ2IU4S8M8DQSE,Nissan,2019,manual,70642.99,sold
0BE8L1P18WRVP6C0D,Toyota,1998,automatic,75393.99,sold
Z4M3DY99DOA5VK7FN,Audi,2014,manual,78964.99,inactive
12EAHLLROFNAKQ6EG,Chevrolet,1999,manual,56476.99,active
I1L9CJF9ECC3FH1JB,Nissan,2006,automatic,57822.99,sold
MK54DHGP4IXGOGPZU,Nissan,2005,manual,79917.99,sold
S02PEI7GATC8G786I,Honda,2022,manual,65030.99,sold
52CHT52BEXSF6CW7I,Volkswagen,2007,manual,73541.99,sold
Y3SJFSLBWRKYSWCPV,BMW,2006,manual,67410.99,inactive
70VGWKD4CCAYDDM6D,Hyundai,2001,automatic,47620.99,sold
8VGHHKFYNHH8Q1SFP,Chevrolet,2019,manual,59614.99,inactive
5Q4CPVYEOC7K4RGNU,Volkswagen,2018,manual,78232.99,inactive
XSLDPU9PN6H2REV6R,Nissan,2018,manual,57562.99,inactive
24LNH2L4O9WE1YVO8,Honda,2014,automatic,45485.99,active
I0CRR7S0SQOROG76V,Audi,2023,manual,25807.99,sold
AG3QMZNOPW7IQHUZ1,Ford,1991,manual,24204.99,inactive
PAK4L8JD0EAVA7GEY,Honda,2005,automatic,34442.99,sold
LIWMMWV50DUYSWZJS,Volkswagen,2012,automatic,40981.99,sold
8Q875UF6QEXZ8K8T0,Volkswagen,2021,manual,70528.99,active
GCS9ULNEGGLJKDCH2,Ford,2006,manual,69503.99,inactive
VZQ46PU085GGIAH6Z,Ford,2022,manual,35578.99,active
Z1YWCUGIARV3SJ8N8,Nissan,2020,automatic,70407.99,active
6RRWAXSKHLVMVIVB2,Audi,2023,automatic,25306.99,inactive
EMXGD7B5SUWNGWVA5,Audi,1994,automatic,63333.99,active
9RFGFSP780P30SSAZ,Chevrolet,1991,manual,67823.99,sold
O6TRAMNA0BO5S2WVJ,BMW,2021,automatic,79200.99,inactive
R4AML3U70P39OD21J,Honda,2007,manual,51263.99,inactive
UFDKZNHXG8G5HACOU,Chevrolet,2010,automatic,23136.99,active
B5WGTK69K8JE6ALG7,Nissan,2000,manual,36044.99,active
5DCNVRM01EESA3PIU,BMW,2004,manual,44853.99,active
109ZM3DZUXJEXXR6U,Toyota,2001,manual,29337.99,sold
2GQSTC4TBW01FZA3J,BMW,2002,manual,74322.99,sold
8T69JYMSC0JSBQ05R,Ford,1997,manual,36702.99,inactive
YFRU35UR7L2E93M2J,Nissan,2005,automatic,48752.99,sold
HNZ1C56ISR050ZT6Y,Nissan,2018,manual,59387.99,inactive
G3OXEN2EGAB2EYT9N,Volkswagen,1992,manual,70906.99,sold
V1ID2QJHCH1W8ZECK,Mercedes,2015,automatic,50899.99,inactive
2TJARH1AZY9JB53T5,Volkswagen,2014,manual,57100.99,active
NY6WTDBEL1NRN8Y57,Mercedes,2019,manual,57950.99,active
FC0YZVCE2U1E1ZMMV,Hyundai,2021,automatic,75701.99,sold
PKBJGMHEZKD1U5PU9,Volkswagen,2008,manual,47632.99,inactive
LE6D6PZMIVPSUA5FD,Mercedes,2023,manual,67387.99,active
8AKASAH7HC1VPR6GX,Honda,2002,automatic,37255.99,active
NOJCKYUK1R82PT4EG,Ford,2014,manual,50825.99,inactive
0RV5UV21JQ994AWZ8,Nissan,1993,manual,60331.99,sold
KSOVLBN66X3JLPTZ7,Ford,2008,manual,78527.99,active
BEMYR9AH2DXEOGXSS,Honda,2007,manual,79847.99,inactive
6DREZ6BL32PKXNM6B,Toyota,2004,automatic,26471.99,inactive
5U8UMA5Z7T3SF6R1Q,Audi,2003,automatic,38252.99,inactive
HUOLS00PDVY6SAXOB,Ford,2011,manual,68538.99,inactive
02PCQKN5JKXV7IFGN,Audi,1994,automatic,48241.99,sold
PIU55K3O3PIM0VAAP,BMW,2024,manual,76750.99,inactive
8EDVCABBW20USY941,Audi,2009,manual,32143.99,active
QRTGE346DZ4HBXLIZ,Ford,2019,automatic,34248.99,sold
TD26KUJXTOC02C48P,Honda,2020,automatic,41291.99,inactive
2740EAGNPBFPDUXNX,Mercedes,2009,automatic,22984.99,inactive
Y926UFHS6SQFLK2JX,Audi,1994,manual,60747.99,active
JED8HE0Z5LK5DJ132,Hyundai,2009,automatic,31362.99,active
SJB93SNB55A1NAYZN,Chevrolet,1994,automatic,60722.99,sold
AF6JZHMAIAO2QPE89,Chevrolet,2002,automatic,37946.99,inactive
6XWUQ40W5A4O2UGCF,Honda,1992,manual,49786.99,inactive
SP99GRXI82E8XM7MI,Toyota,1994,automatic,63175.99,active
1GNZNJK2040F6L65O,Mercedes,1992,manual,21092.99,active
4CC903WQJ6VQQ3NRY,Volkswagen,2014,automatic,76612.99,sold
0091784YDBV6TX04R,Audi,1999,automatic,45784.99,inactive
2AZXZ44TOA5GJOKMB,Hyundai,1992,automatic,40578.99,active
WXTOOF13ZKW3LJ9WR,Volkswagen,2017,automatic,59404.99,inactive
X7NRYUPFR21CPTVWM,Hyundai,2010,manual,42002.99,inactive
PWDKPL9FYLCY5SX7K,Mercedes,2004,manual,41417.99,sold
LFBGTDAHTE1LDHXAF,Audi,2007,manual,65894.99,active
GOEZYKM5ACD2N74WY,Volkswagen,2020,manual,57242.99,active
4FRMQ8DTR78RF2HAX,Ford,2015,automatic,51644.99,active
SAJF64E6GATP4PI2I,Mercedes,2008,manual,50648.99,active
05FFY9N61KFC44227,Audi,2016,manual,53041.99,sold
5ZSGFA1H9TOPHXKS4,Audi,2019,automatic,48672.99,active
EKS7DP14MEBMWU6XZ,BMW,2008,automatic,70132.99,sold
N9A5XWAB5Y9Z7MLGN,Hyundai,1996,manual,75482.99,active
NXRKHYBXAMZQVPDEA,Audi,1992,manual,46348.99,inactive
374HMESHGYVGT265K,Audi,2013,automatic,27295.99,sold
25QDHBUT4Y0ZTJJ19,Nissan,2020,manual,39072.99,inactive
7MUQ1DUGQS4VGAP79,Honda,2010,automatic,49092.99,sold
S4MHCL1IGZJ2D0ELV,Ford,1993,manual,56403.99,active
9F4LRVNSPC6EL2NNM,Toyota,1993,manual,72721.99,inactive
O15XMXAHMI4P5UJRJ,Chevrolet,2011,automatic,54584.99,inactive
6MO3I65R0FS2GD5HZ,Audi,1994,automatic,68913.99,inactive
HVDXC9P1YE3ERQFFV,Honda,2021,automatic,35404.99,inactive
QYEC0JUG0F1HXQ9SZ,Toyota,2019,automatic,38471.99,sold
WRYOBX9DAU5F1HY2C,Toyota,1990,automatic,49448.99,inactive
UYUDHLM8IEC5EXJJF,Honda,2006,manual,41924.99,inactive
3KWHG1HF4R3WFIRA7,Hyundai,2023,manual,68679.99,sold
OMZQ1UCA5TK93PIKQ,Mercedes,1992,automatic,45855.99,inactive
LC6ZODLDC6DGJJR9S,Hyundai,2019,automatic,64479.99,active
PIPHDWREXAQGEDT6L,BMW,1996,manual,21759.99,active
50Q7GRW93G6FFBN2T,Volkswagen,2008,automatic,60457.99,sold
W8QG7YEAO7M3GLRNO,Nissan,2019,automatic,68874.99,active
MJVJ91IPIP9LM6SW2,Honda,2000,automatic,41535.99,active
QIEDYMH4MSVXQHDKG,Mercedes,1991,manual,56785.99,inactive
1AFMO51WPF3KCO9DZ,Audi,1993,automatic,61988.99,inactive
K6JBNSHSHC7NCEQJS,BMW,2016,manual,51254.99,inactive
NBVAU9WNC2NT6ZWC2,Nissan,2017,automatic,59162.99,inactive
OG5MHDJ5BY1F00TI8,Audi,2022,manual,73715.99,inactive
LZ2RJ81BIK4WD660G,Hyundai,2022,automatic,60233.99,inactive
53Z9QLVJK7OYYKID0,Hyundai,2011,manual,58530.99,active
I5CXLP93BJWIXX8Z4,Toyota,1994,manual,49265.99,sold
8CM7J4PYQH9CBPY4K,BMW,1994,manual,34977.99,active
7NLLFRME3HDZO1F4D,BMW,2009,automatic,23485.99,inactive
9GE2TSQ4AC3NETXD9,Mercedes,1997,manual,31879.99,active
WVR11H1ZS8BDELKR5,Chevrolet,1998,manual,42472.99,sold
18Q9IUI708K10PUS8,Mercedes,2004,manual,37977.99,active
6Q26BKDKGAPA45HX7,Volkswagen,1994,automatic,56561.99,inactive
BTN0OO2OUQ7ALYQ7J,Volkswagen,1996,manual,41317.99,sold
9MIDWY2HMP3C1KCP4,Audi,2010,automatic,34193.99,active
773DYGSQP4QE7Z7HS,Nissan,2024,automatic,66968.99,inactive
85L91M6IHMF7UN7C2,Nissan,2021,automatic,32722.99,sold
M9A9DBE9D69I2ZCES,Nissan,2007,automatic,77839.99,sold
YT0X9L2PAF2RGG4AX,Audi,2022,manual,36916.99,inactive
NVWKM7LTYW47AGNMI,Ford,1998,automatic,72646.99,inactive
PNH3416EZE846RH1T,Audi,2021,automatic,63829.99,sold
BK08GBDJTM2MMCU1K,Toyota,2003,manual,45777.99,active
361IL78GDLK2JC1DX,Mercedes,1993,manual,79417.99,active
T4XH01TMQ6FJKETL2,Toyota,2014,manual,46148.99,active
U9H2SB969Q628XLP3,Volkswagen,1990,manual,71766.99,sold
NS16411PNGP4B0CAG,Honda,1994,automatic,74796.99,inactive
VV9U1NG9IICXOHLKA,Honda,2012,automatic,72167.99,active
3NKV6F7M1R2BEO2VC,Volkswagen,1995,automatic,64365.99,inactive
836CPAK376UFHA60H,Hyundai,2008,automatic,38893.99,inactive
JV50W59GGDSDR32AG,Honda,1998,automatic,44511.99,active
EX1EYIW5N46VGDEUA,BMW,2021,manual,57654.99,sold
21Q1STZT7GHSD1DH6,BMW,2015,manual,54921.99,active
3AA0KLZNAHCJ69MV0,Chevrolet,2005,manual,64550.99,active
VSHWH8GAM4PTLD70T,Honda,2022,manual,41622.99,inactive
YJOS2L898QGE4DHL8,Toyota,2015,automatic,39941.99,inactive
BS4SLZJUIQCB8YOX2,Volkswagen,2024,automatic,34759.99,active
7KLR890AXTM271078,Volkswagen,1999,manual,24407.99,active
J4MQUVW6Q4HIINHE0,Mercedes,2019,automatic,45793.99,inactive
VPNGXSW9G8EUVF1XO,Chevrolet,1997,manual,50745.99,active
VIKCMLOSPLU3QVXWQ,Toyota,2022,automatic,21119.99,active
51O586JQFPYU9MXRL,Toyota,2001,manual,61279.99,inactive
MY82PXYN8EDOL48Q3,Honda,2001,manual,58519.99,sold
SG27ETG8N42FFUTN1,Nissan,1993,automatic,60664.99,inactive
F5GJFEOG9PYLX7TY4,Volkswagen,1995,automatic,44677.99,active
TIFUYP402HCYR7N7R,Ford,2005,automatic,25746.99,inactive
E2JCQGBU2OX0A4SM4,Toyota,2011,manual,46151.99,active
0OTKG6QCXRAN8VP7W,Audi,2021,automatic,32549.99,inactive
B4I46F61POYG4LQNN,Nissan,1993,automatic,43726.99,sold
MM9YFBAJ3RTVP5895,Nissan,2010,automatic,52377.99,active
OMKMUFE9X9LDF2C7T,Hyundai,2011,manual,59760.99,inactive
0MPCLK0QDJHBAPQXC,Nissan,2020,automatic,74867.99,inactive
ZP5G0FSP1RR90O711,Volkswagen,1995,automatic,35560.99,active
EXGNNVH51ZT4I5PBR,Hyundai,1990,manual,33194.99,sold
LM2F3IEXWF4ALSNKV,Volkswagen,1994,manual,48677.99,active
GHCSMHHPYDO55GREB,Nissan,2013,automatic,59075.99,sold
O4O9PBF39XYJFNXMB,Ford,2011,automatic,42759.99,active
UZFTCOQ9RCFL3FI7A,Mercedes,2009,manual,34212.99,inactive
7FXFKGPPU14OIHQJJ,Toyota,1993,automatic,55702.99,inactive
PAGT7T5IGUKP0VD5Z,Chevrolet,1990,manual,40987.99,inactive
O410C4GQVM4I024F0,Hyundai,2001,manual,63821.99,active
OIGRQ9YRWA5V7B3GH,Volkswagen,1997,automatic,38470.99,active
CFC3HXAU5BSALC1BQ,Volkswagen,2003,manual,51343.99,sold
RZTGW9SHIW5QWV3T1,Honda,2024,manual,49770.99,inactive
SZQS0RN2PAQSPPSLR,Toyota,2012,manual,77812.99,active
QTYDLPYUGXHCBS55W,Mercedes,2024,automatic,76726.99,active
TFN5L3BK8D8731J6J,Honda,2016,automatic,58405.99,active
XJRA7YN362XGXPL7K,Chevrolet,2016,manual,29272.99,inactive
3G5PNNH3V1GQHPCB3,Mercedes,1999,automatic,38426.99,active
K8O13RUQ034T4OZZC,Volkswagen,2021,manual,29197.99,sold
1MEJXWEWDY3DVBA9L,Chevrolet,2020,manual,60402.99,active
T1TLED1BQMI43PNBU,Hyundai,1998,manual,52464.99,active
2M5IOOUSEFQ6L8IOW,Ford,2005,automatic,33974.99,inactive
3FDECKCYFEOD3D0M7,Audi,1993,manual,45621.99,active
4FHYQ0MUS530SSU7M,Audi,2009,automatic,56687.99,inactive
526L5D9PXFGU8SL7Q,Chevrolet,2011,automatic,28853.99,sold
66J8QF7T4FT437SMH,Audi,2002,manual,70743.99,inactive
9OR60CLXVTDTUW6T0,Hyundai,1999,automatic,70218.99,sold
HWP38WEZ6SS4I2G5N,Honda,2013,manual,56186.99,sold
8Y1ROJNPRLTOPGQUS,Chevrolet,1999,manual,78093.99,sold
3384ZP165TG6P86KC,Nissan,2016,automatic,43770.99,active
E12UKVDDN3U86VLGQ,Toyota,1999,automatic,45170.99,inactive
QE129S605XNTINOFY,Volkswagen,2012,manual,53146.99,inactive
YDM2E6SL2I5ALR8RY,Mercedes,2015,automatic,41578.99,active
339QL5N3XBC6BSUVM,BMW,2021,manual,64824.99,active
NW9R3B88QSM3ZZDJH,BMW,2024,manual,57156.99,inactive
B0FE9XYOL6EP7X47S,Hyundai,2012,manual,56319.99,sold
EABUJIG6N3XAXG71G,Volkswagen,2009,manual,23435.99,sold
3OUUP80SGIMJGR2WF,Hyundai,2005,automatic,65337.99,sold
2GYIF8OY1IP9CAKWS,BMW,2015,automatic,49493.99,inactive
YUBNYTGBZMT2DHHRU,Chevrolet,1994,automatic,77287.99,sold
MXOSJINR32U4VJ0D4,Ford,2018,manual,63757.99,active
21QIUROE5OIX5PC34,Toyota,1994,automatic,37029.99,inactive
A5F6X368F1SCLIWIN,Volkswagen,2007,manual,27425.99,inactive
RY13YKFVLKGVMAUQF,Audi,2010,automatic,53366.99,sold
9KIH8OM77YBOAWHJH,Volkswagen,2014,manual,50482.99,sold
J5DYU9BPU34TGT0R0,BMW,2004,manual,47212.99,sold
GAF5Q2VYAR68HA4N8,BMW,1990,manual,68833.99,active
HYQYNZGVT496E7LJE,Nissan,2022,automatic,74967.99,active
8912S0ASVZ49AN7NH,Chevrolet,1993,automatic,51169.99,sold
J48PHYY8LE0DMZM4W,Honda,1999,automatic,72777.99,active
WCGGCN5JUQ8SL8OT6,Hyundai,1991,automatic,45966.99,active
R0H8CS87XOSJRGRNL,Mercedes,2021,automatic,71851.99,inactive
C5F4CMTWQVWN1XY8A,Chevrolet,2005,manual,68438.99,active
0RXSYA1O6M7AOA21O,Honda,1991,manual,65331.99,inactive
EHXR66W7EZCR176BE,Toyota,2005,manual,51933.99,inactive
YHBLHWBG6UG1BZGW6,Hyundai,1996,automatic,39026.99,sold
NFBNTTZLB8F7K11C0,Audi,1999,automatic,55440.99,active
Q0NFIWLDCH4DBDUBE,Honda,2016,manual,26586.99,inactive
3QNGUK3MU6TZ0WI67,Mercedes,2008,manual,27059.99,sold
QAR0WW0OD565DVROE,BMW,2000,manual,68510.99,active
G3GKOGB3YR44EMSHB,Toyota,2014,manual,37686.99,inactive
HAJ4JX5DS9ZU75OXN,Honda,2024,manual,45185.99,sold
G718AIH06BSAIVTWV,Nissan,2000,automatic,36140.99,inactive
6J15NAVH6BNBD7XGM,Chevrolet,2019,manual,63364.99,inactive
TIHT5YOHE5RUUZZRK,Mercedes,2011,manual,35582.99,active
W2LZ88ASYNXVEIZJE,Hyundai,2003,manual,20052.99,active
5Z4X3UEJC8N7T66CL,BMW,2004,manual,39432.99,inactive
A86MU6RDJ1B767HXZ,Audi,1996,automatic,35400.99,inactive
M17GJR6DRGPJZOJ80,Mercedes,2022,automatic,63313.99,sold
VGKM6U4M9T6ELQJ9Z,Toyota,1994,automatic,21356.99,active
EHBLIO72GEBHHLBWW,Honda,2021,manual,73314.99,active
MCE4MPTX87146I5RJ,Toyota,2018,manual,30208.99,active
KVJPT40QBJGRMG2BD,Audi,2011,manual,65169.99,inactive
41AL9SRSUDGBV6XL4,Audi,2021,automatic,56679.99,active
6C7O12BBKOB226GA8,Honda,2002,automatic,55404.99,sold
CKOPIVKCCUH7LQGYL,Toyota,1992,manual,22543.99,active
8HBHJM1NAQYX3KCBO,Hyundai,1994,automatic,27222.99,sold
ACSLTSBEDGN0XM3UD,BMW,2011,automatic,40144.99,active
K7AYAEDNIRV8OVBX6,Mercedes,2021,automatic,63552.99,active
0KS2LN8UT1N8OKCN2,BMW,2003,manual,79974.99,inactive
LUVRC79UJSQCGVE4Z,BMW,2019,automatic,33086.99,inactive
BQAAOQBJYAXWJ4OZU,Nissan,2021,automatic,26720.99,inactive
IFXIURJ9WXUTFFPCE,Honda,2020,automatic,58213.99,sold
0J4EB0SAH3LF4ZHZI,Ford,1997,automatic,79956.99,active
9SUQTDX0I377CG5C9,Hyundai,1994,automatic,78903.99,sold
LRML63599KRIH91JQ,Chevrolet,1991,manual,42359.99,sold
RLCEIMWM9G70VLU0Z,Mercedes,2004,manual,34112.99,active
QG3IVG12ZH1SMFX79,Audi,1995,automatic,27945.99,inactive
QOMNHFS9KXCFRDW8Q,BMW,1993,automatic,42562.99,inactive
5KZMOLPXS64B7Z9TQ,Volkswagen,2018,automatic,25158.99,sold
1D9RKIFWPXAPSA64T,Audi,1996,automatic,77287.99,inactive
Y2B6PXOQU634EX71Q,Honda,1997,manual,27737.99,sold
11BHWQHBHU4ARR717,Volkswagen,2024,manual,66641.99,active
CPOO5G23ABKLUHPFK,Honda,2013,automatic,49548.99,active
2PGGXGI4IYWIKLGXK,Chevrolet,1993,automatic,32810.99,active
7WJ6D0G1EEUV7AWJX,Toyota,2008,manual,46205.99,inactive
8GRKMXXB6ZRQX7EII,Honda,2001,automatic,42932.99,inactive
0Q4LMI2SX8PN406AG,Honda,2007,manual,27937.99,inactive
Z2LP1FEDSDTAOYBR0,Mercedes,2020,manual,70652.99,active
U6J1FI0MOW40IKLDM,Audi,2008,automatic,43218.99,active
XIP6ULCKU5T9HA5MX,Toyota,2017,automatic,44466.99,sold
YSSK5O37XUKYVV1YT,Hyundai,2020,manual,49704.99,active
WP2XFAQ34GWNKHXM4,Mercedes,2001,automatic,62951.99,active
DBKS1TN8GO8PFXR74,Volkswagen,2022,manual,54361.99,inactive
JZGP1K2XJKH1ZG5DC,Ford,2019,automatic,73155.99,sold
KSFSKUFN645Y6SPXF,Audi,2003,automatic,36626.99,active
T4DB2618O55EMHDNB,Audi,2017,manual,72987.99,active
WOXILJITB55OG9ARD,Nissan,2023,manual,22208.99,active
GM8L3UTN6VU512CKH,Honda,2008,automatic,51944.99,sold
P8M4X9YOUH5CW4I96,Hyundai,2020,automatic,61301.99,inactive
G3BXRL0I4130BK5B5,Honda,2023,manual,25313.99,inactive
QI5E8W6YKOCSS917Z,Volkswagen,1998,manual,39939.99,inactive
CJ38ZI1Z4AO01Y3Z7,Mercedes,2003,automatic,22962.99,sold
D8T67UYAH5TWCNPXJ,Ford,1998,manual,44496.99,sold
4ZCEM5B996ACXPK4U,Hyundai,1999,automatic,53355.99,active
VUJ7Q1BYEHGA54AH7,Hyundai,2007,automatic,45973.99,sold
MHU57923BIN6F0GGC,Hyundai,2009,automatic,72691.99,inactive
MQJURQLAYWU08Z2U5,BMW,2011,manual,38448.99,active
1FF3LU37WURABH80U,Volkswagen,2008,manual,39242.99,inactive
YR45N8KQP6LDXOYO6,BMW,2024,automatic,64693.99,active
1II2EWTLS0EOSCVNK,BMW,2009,automatic,48463.99,sold
PAI29M4AJ9F282RR1,Nissan,1995,manual,54071.99,active
YUMXU4823MYBNE87H,Toyota,1997,manual,41061.99,inactive
OIEMKZ7SLW6RCKLDM,Nissan,2024,automatic,37006.99,sold
8T8P1631FGAEZME7F,Nissan,2017,automatic,73539.99,sold
K5YGKD3C0DSIT3KCV,Toyota,2017,manual,40065.99,active
JQJAMACHZMTD547G2,Toyota,2020,manual,29653.99,sold
XXS0029EPXCNC8VC5,Honda,1993,automatic,72694.99,sold
J7MH4RY5953QWYR4F,Toyota,2002,manual,44031.99,active
HC0OTEFBG9Z81LAVL,Toyota,1996,automatic,23895.99,inactive
3CJRC2MZL88PC7CXX,Volkswagen,2018,automatic,28033.99,sold
WQZK01YQFSU09QDJZ,Chevrolet,2009,manual,69096.99,active
XBTRT6X5HV5DN7HXA,Volkswagen,2013,automatic,35431.99,sold
GJYI28ZH04VJCG65J,Honda,1992,manual,74898.99,active
ANJFLASN6QEU1SCIH,Toyota,1992,automatic,57913.99,inactive
5MQRX4DYM9F3B446H,BMW,2011,manual,35465.99,sold
HPHEW3ARXAIWPZZ5F,Chevrolet,2014,manual,55392.99,sold
K1B4OCZ5V0ZKQMMP5,Toyota,1992,manual,25554.99,inactive
RGGYP0P39MLXCWJZ6,BMW,2016,automatic,58981.99,inactive
86KP4ALNHRG8ATJVG,Volkswagen,1994,automatic,67055.99,inactive
Q75B88FTBKULECC9N,Toyota,2001,automatic,31597.99,sold
LM4Z8NKTXF38KJN3Y,BMW,1993,manual,25046.99,sold
XCEM29SMF3LLF4LU1,Mercedes,2007,automatic,76019.99,inactive
90XMY08Y47JF64LZI,Hyundai,2018,automatic,49339.99,active
9SFWD082WO4B5HE92,Chevrolet,2005,manual,25601.99,active
QXLKUMTMWYIVW89TM,Volkswagen,1990,automatic,36383.99,active
TETUMWP8WT2P2L6ZN,Ford,2010,automatic,66801.99,inactive
YOV25PTT1YQ79437Y,Honda,1995,automatic,40427.99,active
16DIT01C17U7FM94J,Audi,2003,manual,71221.99,inactive
XMVAUGSPI9R6UF84P,Volkswagen,2024,manual,20468.99,inactive
P6HGN7JNNQL2INHPP,BMW,2000,automatic,39137.99,active
2EEOJ5PF3JJ9PLIZU,Nissan,2020,automatic,62489.99,sold
7AUEEEQA6IWNKMX94,Mercedes,2015,manual,30804.99,sold
5GV6ZIOGUXJM41ESK,Mercedes,2015,automatic,67637.99,sold
R31TZBECG6FIBZSVZ,Chevrolet,2010,manual,71729.99,active
JOFWV1PROSN6PO4V0,Mercedes,1993,automatic,30950.99,active
5PQFYJAF4S690NK9X,Nissan,2016,automatic,35078.99,sold
S033DOR5P7N8ZL6HT,Toyota,2018,automatic,42272.99,inactive
HHO56P3NIKVSI3O3R,Chevrolet,2002,manual,70318.99,active
DZ52TQN07UG0DJCI8,BMW,2014,automatic,49507.99,sold
BRPFOE0A20CUGTTCB,Hyundai,2005,manual,79210.99,sold
TZ5SZ1ECQMS2D4OUR,Ford,2023,automatic,67959.99,sold
VUDMBDPWHEQQ41DXK,BMW,2002,manual,23944.99,inactive
7ZMAE1BYN8WVMX2MU,Nissan,2001,automatic,68874.99,active
5IVSSP2RAAEOY197R,Audi,2010,automatic,60456.99,inactive
AWMBGIM6SVJU2KZSQ,Toyota,2011,automatic,29275.99,inactive
980K2QARGD2CR6T9C,Audi,2003,manual,53178.99,sold
7RUHKKC8GV1G89PBN,Honda,1994,manual,64828.99,active
321VRBCTNFQGCFL8S,Toyota,1991,automatic,29276.99,inactive
V2GRYX967109ZL95U,Mercedes,1999,manual,39245.99,sold
ZSXBSZC857TMXF7FM,Chevrolet,1994,manual,32290.99,sold
IJQQM5DEM24MNQ2LS,Honda,2005,manual,29762.99,sold
7XOBIMSMWN9V31ZE7,Chevrolet,2013,manual,47237.99,sold
PG88NGHBUNP1VTWKY,Toyota,1996,manual,55660.99,sold
GN7XCN034LRYNXV8B,Ford,2005,automatic,23279.99,inactive
OKBJ98MXID7Y0E01O,Chevrolet,2006,automatic,46723.99,sold
3XW9TKCFYBPWNPP4Y,Hyundai,2002,manual,67151.99,sold
DE84ZW6BNGUR5IX2K,Hyundai,2008,automatic,43256.99,sold
CLHFXYJ6IS93KKS1Q,Audi,2009,automatic,33304.99,sold
654WBGP7CPJM9Q1J6,Honda,1996,manual,45649.99,inactive
MQTFIYRRJP425APL0,Nissan,1994,automatic,56249.99,sold
K5PWEEWROFBL2CD5B,Hyundai,2003,manual,60498.99,sold
T6BE8C9KZPR4SAJTK,Hyundai,1998,automatic,48677.99,sold
QGNQTCHHGPGLMOCO7,Honda,2010,automatic,71605.99,sold
GV9QR2SKPG7AYWMKK,Hyundai,2013,automatic,54248.99,active
HOGXE0Y4ECCOEZ67N,Chevrolet,1990,manual,71103.99,inactive
WHGG7OB9JVIGP1WYQ,Ford,2021,automatic,27152.99,active
QFHP83XVTOGQN8O2T,Hyundai,2003,automatic,63349.99,active
67J29URWPHF8C3IBB,BMW,2009,manual,72995.99,inactive
4U3D1XY0ZIGZIQ49O,Hyundai,2016,manual,40126.99,active
CX5Z8K4FUSQZN3V0Z,Volkswagen,2021,manual,69056.99,active
EUKONQSLE8YDCEFTA,BMW,2012,manual,32541.99,inactive
00R5T7JL87NRJ50HT,BMW,2014,automatic,56650.99,sold
41UONVSSAZS5VCDXB,Mercedes,2006,automatic,78936.99,inactive
FZDMYWAUNBQ7XJTTI,Chevrolet,2002,manual,54899.99,active
