vin,manufacturer,year
1FF95C5RWPUCU0HSK,Nissan,2016
UMLA2WGQ5TR15GFXI,Toyota,2022
DRGL3C1MAV11P7FFZ,Nissan,2022
9VQR1QX0CR5590VKC,Hyundai,2018
4Z8ABQP7LG1VKGDIZ,Ford,2020
1OQ8SKWXLLMJVSO1D,Chevrolet,2013
6LNOZS1Z4RQA7PHFU,Audi,1993
98F6ZSLH8T0PHCQSG,Chevrolet,2020
3MC66Q33M75FYXFM8,Chevrolet,2022
0FWT0IFFSG9KWLC4J,Chevrolet,1998
L0YRLLCJ4FRDB5T1K,BMW,2009
SCNFXOBFLRIPVZZDA,Volkswagen,1991
P00VA5Y9OWA13S8T5,Nissan,1995
RZQ9WY6OMCFTC0MZ2,Hyundai,1997
QEPYZSCFCOTIYWWUI,Ford,2004
2Y7H9EL865UX3J33X,Toyota,2008
RHV49MLT07PIVGMR7,Nissan,2006
Q5DX8AJO33LVIJYP6,Mercedes,1995
K63X80DDIC2EALJ4Z,BMW,2015
R0R9EN5CA0D4S18WR,Mercedes,1998
Q4COD79J2RH5KLDCU,BMW,2022
W7VLPUMT9G8HR5KN5,Audi,2014
KUACHIAFK7QXM4OGU,Volkswagen,1995
FSV3HVIBL4FG6UJ9X,Honda,2004
LGHNEI3PSJD7L774W,Chevrolet,1992
PRZ4SN4TBEZWSIXD5,Chevrolet,2024
Z1L6XFCHCVWB30BOK,Volkswagen,2005
E2IVMAZHZWSB25FKE,Toyota,2009
QAWGULB7M0WP8ELWK,Honda,1996
0ETJYMYJ3N2Y9N49A,Toyota,2024
AR6H2VB2S979F07GH,Toyota,1998
4INLYI22FO31MOZIL,Toyota,2015
XE629P7UDWTBMGIWK,Toyota,2013
X9CHT9EJVDOFGAC7D,Mercedes,1998
86WVWEXT6HHRN62VX,Volkswagen,2016
157I9CMCNQE9K2PY2,Honda,2004
M03ARHDAH7ABGI86V,Honda,2011
YH8IWXECZYXW53NA0,Toyota,2003
M0QG6MQLPQ4G94FWR,Nissan,2012
5XQ1NC2GPY8JMBC5T,Audi,2010
1EMOH2XXPNH2HVST1,Audi,1990
UD9BBBSKUUOD8516F,Honda,1993
M7KIRMSC5N86U07T0,Chevrolet,2001
7MSU863RDVCKS3CQ4,BMW,1994
G5OCE9BQH1FH5LLKR,Nissan,2002
AAG9LAC1ZLY1XUW0Z,Chevrolet,2003
QPIRUZSBMBND195BE,Hyundai,1990
RQ653EJBS95KE5HGL,Audi,2006
88J3JU1XG1LS5NP84,Volkswagen,2018
KI44I8INVAN709SXX,Chevrolet,1992
M891QEVY8K3U9RBT9,Hyundai,2024
0BASYGMZCIEBW8PAN,Ford,1994
A0FB2FWSTR580U4BU,Volkswagen,2002
FCMO2XRANMRTYVLEX,Mercedes,2023
J10UW1LBABSPRNQLI,Mercedes,2024
6S2ZLGCF7Z0F5EIGD,Volkswagen,2008
EM7TL3XUGDVSAY3TK,Chevrolet,1999
NEMKH19VJUBS50U82,Audi,1991
62FYY3HM9E5AXPM9A,Honda,1993
4JDE0MPRHEQ26PYIQ,Volkswagen,2011
KR4OOA731WP70I3QC,Hyundai,1997
0O1ZWWCN7ZZAIQ4BG,Audi,1990
TYQOQOFDTDC06ZNXI,Hyundai,2019
7OQGAX4YXA9HI2YZX,Mercedes,2021
3CBP7Y91E4Q9IB6ZT,Mercedes,2006
H0BHAWCA3FSI1K08S,BMW,2023
1V1HCYSJLXYNRQYNY,Chevrolet,1991
F76ERV7WFLXHYW1VU,BMW,2002
9R4C2C3JNIEOM481K,Toyota,2018
6IN94EBC1JUB283TP,Audi,1997
L5TDAW1WNUUEXO89L,Mercedes,2014
OVEAAV48WRSEEIH0Q,Ford,2019
HZTX123YHDCV24KE9,Volkswagen,1991
9043W3ZVRFYULIGB1,Honda,1999
Q5F1IN4A7B82XDDKK,Honda,1998
8AIUFVSRWGJX6JD3Y,Hyundai,1995
G0GWRHI37RVO0J7XJ,Ford,2016
6RMOS0HEMDQ9IUXYE,Honda,2007
CWJ7CT3ULJ10VYEAM,BMW,2011
O85E69TQZQC58DYO3,Mercedes,2023
Q22HG4YPPU7AFRTGL,Ford,2009
69P76M016VBQ22OZC,Volkswagen,2018
4VDYVTP7S165OUQ9J,Audi,1992
HF8L95YLFZG0YMCCB,Ford,1991
8ZN38DB3GC5GBOXA9,Audi,2020
CKVNNZ7SZBMSGARHG,Honda,2021
2SNCOR2ME66DR2NNJ,Honda,1991
OJ7HODZH7AEKL7JT5,Ford,2012
FZT0O36PWYT3F6MAL,Volkswagen,1996
P22KK4RTOZYITMUPE,Mercedes,2000
WMU89QLEL0Q7ZYMOH,BMW,2020
8VPRSKJSF069LIECF,Toyota,2013
JZHQMGJ3WDA9Z7V4H,Hyundai,1992
ZMJFJXHEHO1UFRYFD,Audi,2011
Y9OIM5SQ04WRG3VC6,Hyundai,2004
Z1XODLLPK4KEY7LSU,Audi,2011
YVL7R6GT69MSQ25N0,Nissan,2016
NHJV5V5ZOO9FK4S7V,Volkswagen,1991
6BG8MNKR7C5BMIVE8,Audi,1993
RGIU92DQ0VAHJJGLO,Volkswagen,2014
TC4510KQYIT3IMBXM,Nissan,1993
ACC3R6P8PYCPDOA8D,Hyundai,2003
9LNJRD870KNLW9HP6,Hyundai,2023
5R43U4SG7HB5O3E1G,Mercedes,1990
IPKQHBVOTKY79XDFO,Volkswagen,2000
BGSDZP4UH7A99KHNP,Audi,2014
WBMBBCMQ60X6ZUA0C,Nissan,2007
H0NJ2U77OF6GJJSES,Hyundai,2016
PXM1P4KNT99DV7FYI,Audi,2024
8DVE1639H3087VNXQ,Mercedes,2012
CLQZMAD7BF7JG5ENX,Audi,2003
CDPVB8D9VS5S8N38T,Hyundai,2013
KG678F1YK7XZ3IHVH,Honda,2006
UO0J6JWZRPUHKCBIB,BMW,2008
RNIVBFEHG09W2ZZU2,Mercedes,2002
0F0OKSBNL9ME0R9LH,Chevrolet,1994
BFBAVH5OZFK3A57MA,Toyota,1992
NKOXVWBSO2UPK9JHQ,Audi,2014
67C0JI3J7YVHRQA9Y,Mercedes,1990
MSBEADDO9NVPLJYWP,Audi,2006
FQAKD1YHAY8LSF11N,Honda,2014
UKC6TLM47Q1AMZGMY,Ford,1994
F7QL47IH1IGPO81LU,Audi,2002
C4U00EDG4Y2AGXQ7A,Honda,1991
QTPSJC2YV9GYUS90P,Ford,2002
DXY45KHMZLMDN98US,Nissan,1995
XBT5PHA3GHKA44UF2,Toyota,2024
48Y9YUVD7IZNMQ7DO,Volkswagen,2019
B2R34XJNV8ITDN0JD,BMW,2003
U48JSTR9Y8SAI5WZE,Chevrolet,1993
MXQ0CEA7UAUCWEJ57,Hyundai,2003
CTOHW45XZHIEN10HY,Honda,2018
2W1IJ5YMJEJEYSKDI,Honda,2007
L7SUG4IMZEZRATH2Q,Ford,1992
26I0RZQ62Z30WDDCZ,Mercedes,2009
50JFJBCO63G4NAQLK,Chevrolet,2020
LX0W4SWSA0D7AMOX9,Hyundai,2015
B0XZF4WIH22P5CQF4,Chevrolet,2000
T75NYCHC44HREWE1B,Ford,2018
G9ZL46IX8EYHT6WZM,BMW,1996
93D3WX4GWVKX0WGVT,Ford,2006
UB1FJQAPANSDAFQPQ,Mercedes,1994
7J9PKGD7L67Y5F4TP,Mercedes,2018
P5JKH92OSDRXADEGO,Mercedes,1998
G9C8FFOYCI2033QY2,Toyota,2002
7P0VANQJ3KMC9KW66,Hyundai,2021
KUIRWAQWWP7I2X1H2,Mercedes,2024
KO2BJL5GLULZ51CWJ,Ford,2021
EVU4HOEMMLG2GWD0O,Audi,2002
U6NOM6C8R5ZZJ6EM1,BMW,2007
EUTJE4GT1FBCQJKZ0,Hyundai,2002
97EWGDHGLJWIFX8HS,Honda,2013
XS4NUWI60VUNNR4BW,Toyota,2023
CDRFVOU8HWFV0KNPX,Nissan,1995
Y57ZGFGY7FRXZTN4D,Volkswagen,2001
AX4CBVYDBD9C3BSEF,Toyota,2023
ZZM44K4OQTPJNNHKO,Honda,2017
46EVUU0KPLSH7LOG9,Hyundai,2015
50JN8N5EA7YSKCAJA,Toyota,2005
C6E9XPP8ZLF6E8YIK,Volkswagen,2013
9U57WQUM3GR1N64TP,Honda,2011
F2ACK97F0G884E34E,Volkswagen,2019
3HH1DBE007PWW5RDV,Honda,2018
NBL22DAGKF86M4DVW,Mercedes,2014
L4SLU4RSR882SUA65,Ford,2018
891HRN5UDM7RHL7A9,Ford,1993
CXTPC3UVEJLCBRCXK,Audi,2021
3ENPLTECGNAWSNHOV,Toyota,2016
XOME0462LU2F0KRQ9,Toyota,1993
FTCUDHJXVRFC6XSEP,Nissan,1992
C45DMWI03IUM1VA70,Chevrolet,2015
AKFH1GWB1TSYTEYT7,Toyota,2003
8G01BNR2Z692YAVME,Chevrolet,2014
KAE4PHLJAGPI1JGYQ,Ford,2024
JH0LZTDVEKXK74D51,Hyundai,2021
96N7EGW3OFRV9RCN3,Volkswagen,1996
JAIDXX0CBNJHETJTE,Chevrolet,2007
UKHGBHHPEX1Y2JV2I,BMW,2023
WOEZGD39TY6OA0SB8,Nissan,1995
V9AVRDW1SRA568DFV,Chevrolet,2004
7JXISCCQBQ7EHLD85,Mercedes,1996
SICARBPLHVZ3VHALJ,Hyundai,2021
G7V9PGLSBGVV92QNZ,Hyundai,2007
3FQLYEHKU39RXHS7Z,Mercedes,1994
AXB75D6A96SD1IC4S,Chevrolet,2021
PXIM7ZTB4J21FBX3F,Honda,2022
F0EE27D0RII0UW731,BMW,2009
XPVE41662AD746UE3,Ford,2011
06JVQG4Q527Z7XGIG,Hyundai,1996
76JFY2C6BGT0OLBNP,Ford,2023
IRDHMT1CHHE5ZO540,Ford,1995
VYDTEYFEBFLEKCKLQ,Chevrolet,1995
8UT0EH06TM006T9JO,Volkswagen,2023
A8PW4E0LVCRATJ9WC,Honda,2009
7AGUAGS4DEBR15EKE,BMW,1992
919VHI1ER2PRBNFZ4,Ford,2004
5WUNTWP2VRRVDX5S8,Toyota,1991
OHHS5V3ETLRW4GOV5,Chevrolet,2019
5MYY34P5K9LCYDGU8,Hyundai,2024
AZX64K2JC49DKSGUI,Honda,2021
6MZVQERMY000U5RA2,Honda,1994
GJQDNG42SH1VC4L1O,Ford,1990
FP7M3UI0OHQTBO1YU,Volkswagen,2024
V3AQQY88CNG6E7OIR,Volkswagen,2021
LTW1S1LHNESCRO7FY,BMW,2011
J3SS29VVD1HI7YH4K,Volkswagen,2004
NML0IQ40Z15IBVEXP,BMW,2020
VL1DVE2BWSXABTLGM,Audi,2005
QSJGHFSTURTAM731K,Mercedes,2010
1CI948167483JYC90,Mercedes,2000
AVBTDR7WV1NL05LL9,Hyundai,2000
HM7CFFHOJSFN6NG3C,Mercedes,1994
1L942SBVMOFH0AIIJ,Nissan,2002
5MSH3A73Q1UMPM4Z7,BMW,2012
XUOL3P7L3T0MGH1AH,Chevrolet,2000
PZ5LRF38694BXTRQA,Mercedes,2021
57CFY5N1J2FX2QFGQ,Honda,1990
SU7N61GVYJS9WOFUQ,Ford,2021
WGQZSAEY5HKLDJ2LX,BMW,1993
VMF1AF8GIX2PHWTGM,Ford,2007
QIE2HEGWDQWSO9IZG,Chevrolet,1990
BGC2OGXO631S2XI4Y,Chevrolet,2007
5119YT40275I2K7GC,BMW,2004
YTX85CT1591LUGGRM,Audi,2020
BMITFLKLFVAYS7DQM,Nissan,2013
9V2DXOWSOM0FYLPVQ,Audi,1993
VR1ULW5KFDEZ4ANVX,Hyundai,2016
58YJIIO2G3NVB2OTW,Volkswagen,1994
5AQ1HJSJR44YUX92G,Hyundai,2007
FX7FF1UFMQ5ZB4OM5,BMW,2009
9IACWP2O2I84O4KB2,BMW,2009
97SHR40OYJFJCY86J,Chevrolet,2010
BYL6DB5B60YGW4JD2,Audi,1994
1XIAUX4ED8K35FNPO,Hyundai,1998
IGOIXFD07ET0VSQV7,Mercedes,2016
DVRVY7YCDT76BBQN4,Honda,2013
MVTVBAGQ7R5I7YV0F,Volkswagen,2012
I1B0DRIL8L2IZNIV0,BMW,2023
WUK9LGGRJX5LFX6H6,Ford,1994
OLXUHDE5Z5SI9JKIR,Chevrolet,2021
F9BANBPQ8B9YII9Q8,Mercedes,2007
KW6EKLZJ6DD9LX80K,Ford,2005
Q4LW4GN18JWYIITF7,Honda,2022
FVN4T1B2A2T73CL5H,Volkswagen,2010
S9HORGU1Q9FVYHRKK,BMW,2014
H38ZF3LQWZNLG66EA,Hyundai,2000
76GEOA519VGNTONTR,Volkswagen,2003
VEKXKSL85QISJ2YQ4,Volkswagen,2019
LA3P9VFUCOQA3O4SB,Chevrolet,1997
3153DVZLWENE84TBO,Audi,1991
XAZPR3AURV9TE82HV,Mercedes,2020
TN9TFNF6258EZUDTQ,Hyundai,2015
4Z6O8PZPGJODGHI6U,Honda,2022
BWHQH4WAT8K6QIRR2,Toyota,2013
RH0BPAPR7O5XABGL0,Honda,2006
KDK34YN1DNAOFUX55,Chevrolet,2020
LZQQNU75UA2AQMPUF,Ford,2020
XM68EF12CAQ1EKLBQ,Nissan,2024
FPROVGYVA1MVZ2FCG,Mercedes,1999
HZMA2EXYUHBN2KKQG,Honda,2023
42NLRMF6C39GATQ80,Honda,1994
2V66405DKFU18B4HB,Honda,2005
TCTKDFOP64P87RHWR,BMW,2005
97IAH8MSD27SQJ10O,Hyundai,1995
T9KZPESI8XR8CQLWF,Hyundai,1995
74FDMQPH59CBEK131,BMW,2023
1DKGKU26BO1W0YOKX,Mercedes,2011
9HBGUF74DBN2IG9ZF,Mercedes,2009
PK55A8EENK5ZZK8J0,Volkswagen,2017
SZYES68D765DBO81R,Mercedes,2012
678Q59OFYIQ9LXUBY,Audi,1996
46MFGVBG62MO9WD0S,Volkswagen,2024
JFDND2KVOUKA552A7,Nissan,2006
1P5LKHE4PH83FXN6O,Honda,1998
G0QCZQUAMBJKN8QGQ,Chevrolet,2011
I2G5BVBOHZ5EMWX7M,Nissan,2013
Q56SENB8HBWYYRGJ2,Volkswagen,2024
BW37BGNTOPNZMMLKU,Ford,1990
4BURC95VFK6R3PBAM,Mercedes,2005
S6JD8P31VN9AE4JAS,Audi,2003
KK7S32JRV8JWXO82A,Hyundai,2008
CY1OOU3QJGQCZVKX5,Honda,2018
R3VJVLBBX8V1G03YG,BMW,1993
WFW2ZQ2MQUMV3BD77,Nissan,2002
4O5ZDG4M695W8BZYC,Ford,2010
4C6B63AB2UFCMUF2C,Nissan,2008
8Y0B11XR6AQPPYU01,Toyota,2011
8WX8JODSC1HCNE7F3,Audi,2024
9GIHGEAK2UE8ZMQG4,Mercedes,2010
CH95E9N8AID2BFJVH,BMW,2002
2TS8QFJ3G90DJHW35,Nissan,2020
UMUF782C4OBMMQA3J,Honda,1994
5O7P5O7F3B4TVH1ZI,BMW,1992
EIJW4TU804DB0IRAG,Ford,2016
BTK5U9AE5EXL7W8SS,Hyundai,1994
IKUAFRCYTIM6NVSDE,Chevrolet,1999
JXCXTU8OXH8ECVCPG,Audi,2015
8O2BBWLYQO1RIZS6Z,Toyota,2015
T8PLVYNN8NELPDUWD,Volkswagen,2006
E1G1RJ7SPCFC2AD9S,Hyundai,2021
UJI7OWQA8ES8AK0PN,BMW,2017
FE0PY77GR100C3NRN,Toyota,2002
KZ8BTP0GVX6Q7CU5O,Nissan,2002
FLER4GBZUYEQIJ29I,Ford,2002
6Y7GDR8EEQRL2OG0T,Hyundai,1997
TN7988QZ9OCHXA7Y1,Hyundai,2001
2KM94TGEB5A6PJLPP,Toyota,1999
YQ7H7D7177SIVTCPW,Audi,2010
CGGH7MZ38JAX4404N,Volkswagen,2024
8IP3GVDTN6PG03C9B,Nissan,2002
VKU0JY7M9JRCM322X,Ford,2008
14Z6L4BIDRG87CFWA,Audi,2023
U5XKCFBR46CQX706P,Ford,2015
MB0Q1LX6UYS9M2SW0,Nissan,2024
NLE30KBNZBD1VKGU9,Honda,2018
0SUVKTNLQ6FLL75XP,Volkswagen,1995
HDYBIQ2ARBIGOXUG3,Honda,2022
081IAOGBA0UN6YCRW,Chevrolet,2009
QZH60Y0JHFPO7O2DI,Honda,2011
8L5ZYJSUZMT7A2373,Honda,2024
X4A3546QVVLGR5W6D,Audi,1990
PR9SO0W1T7D1JHMQT,Ford,2008
H9A0KZ8H870NQILID,Chevrolet,2022
DWW6PBXQAF2PACORF,Mercedes,1992
B41BY2H1M6GMTSSYP,Audi,1997
927F0JLEK5ADEX1GJ,Volkswagen,2019
9XIDP183S4R7IRVOC,Ford,2018
V3P1F5B3DH00JBFJS,BMW,2016
UFS4KU2CEIOYOC5UC,BMW,2013
4ILB7375UMK6DKCN8,Toyota,2011
YSKDJMT2O722N5OEK,Volkswagen,2010
XYZQ2Z0QYJCK1ZFEE,Mercedes,2024
77SHKLVLTOP0NGXF8,BMW,2008
AF2SVGSTTN0G31P3X,Volkswagen,2016
Z092HM7FFYJKNRW4U,Hyundai,2019
KFOBTIJOEVL3B5L90,Volkswagen,2018
B69GI4HQ2JMQHTVW6,Ford,2016
11AJ8WZAOSALY4M66,Hyundai,2014
INP3EQ00G9X4I4N4F,Toyota,2007
982MJ5WXSGM1I3IXR,BMW,2020
D0X5P9BFPK9F95SQB,Chevrolet,1992
S0RVEF3AR8FN5850T,Hyundai,2017
DZTFW06TSW6LOBHFR,Hyundai,2007
N5T5KWE2VDBVZJJPZ,Honda,2002
AHJKYCEQRGQNU29KE,Audi,2004
YN3P38L4FPFDHIFB6,Nissan,1995
SJDAG8M24J3V4VW40,Mercedes,1992
2ERZRZQ42H45IOXIR,Hyundai,2001
EJF50SZWULY7E5U8X,Honda,2020
V9HBX78OQDERV94ZK,Nissan,2022
2XMP39XPWVBJIPSVX,Hyundai,2010
HJ2WB2LD9YHXU9PF1,Hyundai,2009
9RPZ3EJB9KB6RGTR2,Ford,2001
H2N1NN5OB4B51VZIU,BMW,1994
Y91OGXM3706IBQ90P,Nissan,2006
0I1JDCTPAP21HKG7S,Volkswagen,2005
2H7KKAI7XGHG6R2NV,BMW,2015
SM6DW4BWHFVK83TJK,Honda,2022
7JP0K34S60QORPX0J,Hyundai,1995
BT2RO6BKS0HVGT08P,Honda,2008
JJ9FIRVJ1809GKS81,Ford,2014
AQKN633O479R2AZOV,BMW,2018
RKX5YVJ4FS4BN049P,Nissan,2001
P77A441FD6IRP8AYF,Mercedes,2024
O9AXOKFOIP55ZGTMI,BMW,2017
QB7HX991924NTLJ7N,Hyundai,2016
P0LF87HC5TD9HJCFM,Honda,2021
P90O155Y7EMM8VC4E,Hyundai,1992
JWA3DRUAH7PCHSKOY,Toyota,2005
U6EWIHQLLHNZ7XR7Y,Mercedes,1995
GV4BYYXOWV1X6YWZB,Hyundai,1997
QAMBH7P9JKNL158I8,Nissan,2008
WXL1NLTBPI1HC9PSF,Mercedes,2002
P9D12RX1PMUXMAF7K,Mercedes,2018
FM16ARTZLB6JA8S6S,Honda,2020
N3Q48XMAZM3JWKMBV,Ford,1991
ICJG02YS0A2EXKRUQ,Hyundai,2002
P0IPNM7YVF7A3EI5T,BMW,2001
YPM2CD3K1JAB5KJG9,Volkswagen,2007
UK6YHPB55LSD438FH,Audi,1992
ROCARIORKBLL6KZUX,Ford,2019
5QVP2ZCIRXECV4G8H,Honda,2019
P34M4U6CYMYZQHG3D,Volkswagen,1991
E2SUWZMFK6MAQH0AQ,Ford,1990
5811UWEACZVSHCZYX,Volkswagen,2021
7WQDKXC2QOGYIDASO,Honda,2011
216N0CSG6T6EWTXFQ,Volkswagen,2013
LLQ0NL635SYEBTWND,Hyundai,2018
BJYVJEUA8KB86O2DC,Hyundai,2022
7Q2QRVO6TID5P6Y91,Honda,2001
I1RSB4UU7WBVBX7N8,Chevrolet,2010
M7Y5NMHQ40TG64IFF,Toyota,1990
UMTQBT6IUP21MQMA1,Honda,2001
A3EXQJ3NH56N3TSIN,Volkswagen,1996
FNKSR0FRYDVVY1XSF,Audi,1997
YVQA0AOMGF2QGQN7V,Toyota,1999
8BIRO3JG11T1YPYBA,Hyundai,2013
IMXXGRKOASH4B3ZO7,Ford,2014
UWOXXPWTB7KRPX47O,Audi,2015
IP7ONM64548KVSVW2,Nissan,2010
SLMAWGU6Y44Y3QDYB,Honda,2015
U8BXBWZGLMTV463JW,Nissan,1994
V560ZZ67S7D3A849I,BMW,1990
KE9FGCN8OUM0AJLRW,Hyundai,2008
R7RHIGOC9ZFQMNGYA,Hyundai,2017
E8PNNUANYSCG72GL5,Mercedes,2003
1EUBH0SHG0AQE3187,Volkswagen,1996
AQYAUTPRQXI2YGXN2,Volkswagen,2013
P0WF2FKN582QT8UET,BMW,1996
E1J6APNL4WGCM0LWZ,Ford,2014
ZQB3PULPE9V2MU8F0,Nissan,2024
6TTMAA2CI3PPLP5YP,Toyota,1994
820HBIWOQ5S0KHUEV,BMW,2016
X2T7VEYAQZVT10ZNX,Volkswagen,2006
8SV4VQ1TQXE4SI20M,Toyota,1992
74QFJUEC7QM22XZOF,Nissan,2020
7RLK1FPEIF2AA4B7Y,Honda,2010
AJX5P8EQCKN634LL6,Nissan,1992
1LQBK9UA4LLO780O3,Toyota,1992
OTHZX4I3LIUQ1UPK3,Chevrolet,2022
LBETRNERWLJ6RCNHF,Nissan,2019
4LLVP3ZXQ1NQRJL6E,Chevrolet,1995
1E7BNVJHR2MI2L2O3,Toyota,2014
TYY0D5EA7MMDSIRIW,Chevrolet,2000
ZZR9X2K0UHSPM23D6,Hyundai,2000
BIF8ZKXWNQJ9EOYV9,Honda,2010
A7NUP3KEJBEQHMKZ2,Toyota,1998
FCXW9YGCYXN0OZLFE,Mercedes,2016
IPVCLP97P9TT58L3F,Nissan,2003
5QSTTYHBI1WCAS2GZ,Nissan,2015
JD0APQAZ0EGFHTVDJ,Mercedes,1995
AJVQJ9WQM1IX7NXBQ,Hyundai,2022
R6F3K8CRNBOJHOA3B,Volkswagen,2020
147WMKAMQPWH6ASFL,Volkswagen,1996
ONJIQPGH5SLNR7X0B,Nissan,2005
BXGBB1USYMIEL5DHS,Audi,2011
BYJTBYAWR69A2ER4U,Chevrolet,2014
FSYLMUTAMHNO102Z5,Mercedes,2019
KDUWBBFU8HIW4SEHS,Nissan,2022
IQ19O54JEW8I03XQ1,Volkswagen,1993
MMF2SC8S6LAR8IVBP,BMW,2012
8WLO2ZLKOWZWTQFG6,Mercedes,2001
DJX6GMYHKXA0URWZA,Nissan,2023
8ZYK2NS79OL0XYEP6,Volkswagen,1991
9S0BZF4H48U16WLOD,BMW,2006
23WXJPZQCI12LTX33,Hyundai,2023
RDVYXXLBL5PZ88DEN,Nissan,1992
TYSMSS8CGXEW8MQBU,Audi,1999
F3X07F65ROYELF0C4,Mercedes,2010
IGCE0Z7I1U7VBKBY9,BMW,2004
WRLE1GLJZKJVF274L,Honda,2004
6SXP7FTD6GAJNNSZD,Honda,1998
HC7RF8TOU1JY1MAR9,Chevrolet,2017
S3TBYLA76E3RQ56KE,Chevrolet,2019
LIW45O24Q84068ECE,Honda,2024
NU88VYP72L0AC3IWU,Honda,1994
EF9ADIBJIA2RIF30L,Hyundai,2004
FQPRHJC5X9WYDOSLF,Chevrolet,1996
6HHRVSQ7M47HJG03R,Nissan,2011
IGTXTAOWQ2EC4OSB3,Honda,2015
FR9OQN22JQDJY3570,Audi,2012
CVCTFX5Z5I3JXY8WN,Chevrolet,1995
UAHN14RS5D1FNXT58,Mercedes,1997
XMF7O5EVIQT2O1AWL,BMW,1996
0OB98CCU3NJ2YVSOY,Honda,2001
U660FL8J5264NR74X,BMW,2021
94Q5FPFJJGAEWP3S4,Audi,2009
U4EQ2XZ9G6O8WSSK4,Ford,2020
2WU68U5UB9WC228LB,Honda,2017
4AXLRSIEP96RXP2KP,BMW,2010
QFQPSMD4B0WU8OC0U,BMW,1998
YH0TLG4PUSA9100EK,Audi,1996
ZLZR6MI2Z0W592TA3,Honda,1998
11AAGOMTM2TOPZVO8,Audi,1995
OEZSI6DP94AF314EV,Nissan,2023
9YHUNWO69WUFGQ6LQ,Hyundai,1993
XH0TC06R0BURVUNPJ,Hyundai,2023
ZT96XAKODHMX6SCSH,Nissan,2023
JKD7FQBNOFDNBSYOF,Toyota,2005
C2NWK10QHCX8KQ2W9,Ford,2024
BE42XOXINM50PKB9C,BMW,1991
NJGK14MOYETMUQOVA,Nissan,2017
6B9LAM7UB9HKURYWU,Ford,2022
N5LCH489QYGVB9POC,Nissan,2004
INB9CNKOIV1KB8EQG,Chevrolet,2017
QAUOYAWNH7S1A3HX4,Ford,1993
9UYDN34H3SKBZWRVD,Volkswagen,2007
80ECTIQ3OQV0WT3DT,Chevrolet,1997
AIQ4Z1W7LOXZK9E5L,Ford,2024
2RHR5VBO2LX27AESP,Hyundai,2004
ZYUW58SPOQNQBMALU,Nissan,2021
0B8LSZVM0L1WOSHZ5,Ford,2005
ETQAJAMUDWT6IYQR4,Mercedes,2000
CAXFOTJYUXN40A64E,Ford,1998
TOWPBQNATFHLXQLP7,Honda,2004
SN910FW7X0Z0YV2CK,Nissan,1992
5MII4QX4BE552X9BZ,Honda,2014
32276GH6Y6K8R8KUH,Ford,1997
KGY3QIJTVZ9VTWX2M,BMW,2010
K4V57GIPJ2IQJQ9SQ,Chevrolet,2007
Q8JPK5FG1POPOIN13,Volkswagen,1992
ZXL1XFZ98RLVIYJ5P,Audi,2000
J0EYBPZ9WTCQ0QWZF,Audi,1991
F1XXOJ2BZ3MD39YXD,Hyundai,2011
7ZTPQ0I90YRYJ48CX,BMW,2000
7U23ETMP2JTOB1MGG,Ford,2010
FVQDKATMA82H0SDKC,Mercedes,2023
GH52TE9M0VRXSQ7T7,BMW,2017
LW4E19TNXJWMXMZ3K,BMW,1996
0G78UM84SYUYGYJ4S,Ford,2020
VPZY3GD8Y77I1SGF4,Chevrolet,2008
FF3W51NVUX0CHGDS1,Volkswagen,2024
P43IVES8N1TWH9WYM,Audi,1997
ULU4BI3SSJOFEYRYD,Chevrolet,2020
RNWH1I218M2P9LMJX,Honda,2000
ZK0M98ILNGZS7PJXM,Ford,2007
46384XGZ1D072BCD5,Hyundai,2000
7GNGIIUFCRBM2NCV3,Toyota,2009
M3WFZSRHFJIO9CJ03,Mercedes,2019
UID7HY5LUQ3MVP89V,Chevrolet,2001
6Q1YKDTYST955UX8D,BMW,1990
ZAP0LUEKM3WCPRHGV,Ford,2017
F8F4DJMTEA1S6Y69T,Chevrolet,2024
34CHIUJM21RMHZPW3,Chevrolet,2015
OJFFOORG5RG5Q04QV,Hyundai,2019
Y2R1SIVF5QR4XL78G,Chevrolet,2023
E22HHA01HY45AA2G9,Mercedes,2020
NVZA8M9B8SGUJUPIW,Honda,2014
OZ313GD8SX02D4GCW,BMW,2018
5LXRFQU526QR7IPIS,Chevrolet,1997
C0S9NKCIETURYXG7V,Ford,2024
757LCO3EUM8MD5L3M,Volkswagen,1990
LNTV47ABCRJWM9SGB,Volkswagen,2006
U1F8OIS3A8G9V7JA5,Honda,1996
RRANRKQVHMYYT5YL5,Ford,2009
2EUX6O7L3A0QDCKA7,Hyundai,1998
4CUKMEJV55UQ1HR2I,Volkswagen,2004
C3IAU8HM3X40MY52J,Honda,2016
5IK6T85ZHCRNWNRTX,Chevrolet,2006
78RNMLNRS8T8YANKB,Mercedes,1990
PZ2K3K0JIKDF40S50,Chevrolet,2024
W8KSOHNLWLU28SK75,BMW,1994
H2VT4APDI899BO1ZF,Honda,1992
XN5UGJUSW5A6DAY8R,Chevrolet,2023
HJF7WDFZNKTYUC36R,Nissan,2023
3CDIKHOZNCH9GHLXY,Audi,1998
GZGHSSZQ5MXOPPVQH,BMW,2008
EURZG0DJBIWJONK4Q,BMW,2010
JVJ4RGFFCGQWER0XO,Volkswagen,2002
D53MQS0XI797NF18D,Mercedes,2010
DQUYBWMQY79Y9URYC,Nissan,2004
NTLQX2L2HWWNTN2OX,Toyota,2018
4I5TJJC1XLF8OOOMY,Chevrolet,2011
0GKF2OAEKYPQN6KXX,Honda,2000
WQOIOSUKOXFSVZZ9B,Toyota,2021
N3GDWCWCYU1L985AG,Mercedes,1999
72JVN7BT0371SQIBA,Volkswagen,2015
AXV7XACULYV35997J,Hyundai,1996
OHTELFOQHVMADJKTT,Nissan,2013
65WXQBXQGUVIOQGUT,Mercedes,1993
LKRRW8PHB44Z3G7T1,Mercedes,2009
FA2SE8D3UMOOGG2R3,BMW,2010
433B0AKQXNTN39IWC,Volkswagen,2001
2M41TRVQ05HMBAYXV,Hyundai,1990
39HC31OVZL1UDNSLF,BMW,2017
R26KGTCYANBA0RMY9,Volkswagen,1996
MSLYPK640HREOUOOM,Chevrolet,2024
3NJ7OJ6JUN7C0A63T,Chevrolet,2019
YD5C4A7RK3MF5DCF7,Hyundai,2022
MUMVMDLN7R8BBYS19,Audi,2007
30LGWUDESHOWKQN1J,Toyota,2022
YNVWUA27D7X9H1GZB,Toyota,2024
U0H2H0SEICD5VBLQI,BMW,1997
4CLHU3RP2ZBOXNHO3,Honda,2021
ZWF6F17HN5W0PEDD7,Mercedes,2019
I3IYNCMI9M7QE0AAJ,Audi,2000
FHXDA9ZMJS2IU0W4Q,Honda,2017
UOD9ZHJ1WEMMNOWCH,Ford,2022
D68F50KBCNQKXIWHS,Chevrolet,2020
IT7OTBPRVY3VSW1FB,Chevrolet,2020
55OMCF6STE2873QU6,Chevrolet,2009
TSK6XZVUEX0IUTEQH,Volkswagen,2001
2YYU9WBHVKPDRS26B,Chevrolet,2022
FX7CP7CVZFG0YDIW9,Chevrolet,2021
FC8UUQNIRGOW12G5L,Honda,1998
8D1073WX39626YY53,BMW,2006
VGGRPLPURK3O3JN5L,Mercedes,2010
WN9JJINIV91DDM3TF,Toyota,2017
5KQHNBDFY644N93I4,Hyundai,2013
94UQU67R4DHNWVO5S,Mercedes,2005
GYWS294ZJJKCPOS6J,Volkswagen,2010
BIMQI4XWM59ICTGZ8,Ford,2003
IDOCCAAA9PLC9PP6I,Ford,2010
ZFJPTWA2HU7MXB7CA,Toyota,2023
EP3CTUCXL40QE7FHF,Chevrolet,1999
ZL554EFTFSYNJRSYV,Ford,2007
0O14QXHEYJSQ9RTFR,Mercedes,1991
Q2F9Y3XH9DTX5UMSV,Nissan,2017
TTL8JI3T8R7H4DJCO,Mercedes,2015
WX9B1LZGB38E06K0N,Mercedes,1998
37FGP3Q6RBEQ7ZA48,Toyota,1996
L7DSZSXMUFQ8FWEUO,Mercedes,2006
3GS48LCJK4M1SJ83K,Volkswagen,2013
MN9L49PMWH1ENIKGU,Nissan,1991
6VUEZVERHT4QP7NJ7,Hyundai,2022
U6U0H9270W27XFLBD,Hyundai,2012
XCVR6ZEN5FVH70KKW,Hyundai,1990
NIRQNE8PAZJTFU12T,Honda,2010
H96FB6KUGDJMFNSDW,Honda,1998
LVBZXPGBIQ44K8ONO,Hyundai,2014
L0FRV7ZD4SXGMUIJP,BMW,2001
P2R0DIKVU204J3ZYC,Ford,2024
VTSCFEJ83FZEPS4W8,Mercedes,1990
RFPDNA2HJ8WNMIB9X,BMW,1997
OQWO3L95R6YM0UT6F,Audi,1996
HWKXLQ5KD5AY06RJN,Mercedes,2009
F1O4BVL2BH0LBC3N4,Volkswagen,2006
QJUROJCFMZJI0QH8N,Audi,1991
SPBDERUTUZDQHKWP6,Audi,2004
4NADD9GLGZEIXWCIU,Nissan,2023
KDHKPUTYKG8Q6KQA7,Audi,2003
67MAZ8ZYTRXKL1IMV,Mercedes,1992
HLGBO4USA58526EAS,Toyota,2012
YW4QVFB0LYZNFAZV1,Mercedes,2004
DZT4SKG31KC1NJBHR,Audi,1994
LE44SQ0NXEB980WHM,Ford,2014
9JMDNM1TR7B1VS8Z0,Honda,2012
93D3I8TTIK8UVBJE5,Hyundai,2017
2E2M8J73RVSW2XG3S,Chevrolet,2020
Z75AGP8P7U3AQY8HB,Hyundai,1993
725CC6DCT8TX6I89Z,Volkswagen,2015
8TTH0IBGZFDCL7OPA,Hyundai,2023
3C91CAZND7J3LE5YJ,Honda,2019
KTPWNEMZC8E42YPOG,Chevrolet,2016
AO2R0RAYEOE1SNCED,Ford,2004
GKIHL54JVWPJBOXVO,Hyundai,2002
OUJ8M87JPW81PV735,Nissan,2020
30UHGCX1KYAYY7P3J,Chevrolet,2009
E6C1J63N11U8C10GL,Honda,1996
A51EJPK51JRPZ52R3,Mercedes,1991
LY3PYWPDNNHEI01DY,Toyota,2001
XVYQQK16FBWAUZZZC,Mercedes,2014
BIJJDD4BYKSRXJIQ6,Toyota,1999
LOKU4FA6I45PGWAUN,Chevrolet,2012
8GAIWTEJFFP5NCGMW,Hyundai,2002
V3BO5BAD01EHYJTUA,Toyota,1994
V1K5VTWA14EU45RZZ,Mercedes,2024
H28RW2VR822C75PIK,Toyota,2003
UJGJQ2S2MHBURQ7LX,Toyota,2013
73TBZRXI9Z2SA0B17,Toyota,2019
0Y8JD8QH96RA0ASEK,Honda,2007
DE2AFHGFD5JYS8Z15,Ford,1992
2SNUQFVV7NDB4H8N3,Honda,2009
X34MAB0SSHCGHAT6U,Ford,2013
E7BG0J59FQP7EPL72,Nissan,2010
EHFT4HZXF3LEACYK4,Nissan,1993
IEG9FOYWD0ICXKG37,Volkswagen,1991
2L0BQS99STW9IASCF,Mercedes,1999
4PRCQ2IU4S8M8DQSE,Nissan,2019
0BE8L1P18WRVP6C0D,Toyota,1998
Z4M3DY99DOA5VK7FN,Audi,2014
12EAHLLROFNAKQ6EG,Chevrolet,1999
I1L9CJF9ECC3FH1JB,Nissan,2006
MK54DHGP4IXGOGPZU,Nissan,2005
S02PEI7GATC8G786I,Honda,2022
52CHT52BEXSF6CW7I,Volkswagen,2007
Y3SJFSLBWRKYSWCPV,BMW,2006
70VGWKD4CCAYDDM6D,Hyundai,2001
8VGHHKFYNHH8Q1SFP,Chevrolet,2019
5Q4CPVYEOC7K4RGNU,Volkswagen,2018
XSLDPU9PN6H2REV6R,Nissan,2018
24LNH2L4O9WE1YVO8,Honda,2014
I0CRR7S0SQOROG76V,Audi,2023
AG3QMZNOPW7IQHUZ1,Ford,1991
PAK4L8JD0EAVA7GEY,Honda,2005
LIWMMWV50DUYSWZJS,Volkswagen,2012
8Q875UF6QEXZ8K8T0,Volkswagen,2021
GCS9ULNEGGLJKDCH2,Ford,2006
VZQ46PU085GGIAH6Z,Ford,2022
Z1YWCUGIARV3SJ8N8,Nissan,2020
6RRWAXSKHLVMVIVB2,Audi,2023
EMXGD7B5SUWNGWVA5,Audi,1994
9RFGFSP780P30SSAZ,Chevrolet,1991
O6TRAMNA0BO5S2WVJ,BMW,2021
R4AML3U70P39OD21J,Honda,2007
UFDKZNHXG8G5HACOU,Chevrolet,2010
B5WGTK69K8JE6ALG7,Nissan,2000
5DCNVRM01EESA3PIU,BMW,2004
109ZM3DZUXJEXXR6U,Toyota,2001
2GQSTC4TBW01FZA3J,BMW,2002
8T69JYMSC0JSBQ05R,Ford,1997
YFRU35UR7L2E93M2J,Nissan,2005
HNZ1C56ISR050ZT6Y,Nissan,2018
G3OXEN2EGAB2EYT9N,Volkswagen,1992
V1ID2QJHCH1W8ZECK,Mercedes,2015
2TJARH1AZY9JB53T5,Volkswagen,2014
NY6WTDBEL1NRN8Y57,Mercedes,2019
FC0YZVCE2U1E1ZMMV,Hyundai,2021
PKBJGMHEZKD1U5PU9,Volkswagen,2008
LE6D6PZMIVPSUA5FD,Mercedes,2023
8AKASAH7HC1VPR6GX,Honda,2002
NOJCKYUK1R82PT4EG,Ford,2014
0RV5UV21JQ994AWZ8,Nissan,1993
KSOVLBN66X3JLPTZ7,Ford,2008
BEMYR9AH2DXEOGXSS,Honda,2007
6DREZ6BL32PKXNM6B,Toyota,2004
5U8UMA5Z7T3SF6R1Q,Audi,2003
HUOLS00PDVY6SAXOB,Ford,2011
02PCQKN5JKXV7IFGN,Audi,1994
PIU55K3O3PIM0VAAP,BMW,2024
8EDVCABBW20USY941,Audi,2009
QRTGE346DZ4HBXLIZ,Ford,2019
TD26KUJXTOC02C48P,Honda,2020
2740EAGNPBFPDUXNX,Mercedes,2009
Y926UFHS6SQFLK2JX,Audi,1994
JED8HE0Z5LK5DJ132,Hyundai,2009
SJB93SNB55A1NAYZN,Chevrolet,1994
AF6JZHMAIAO2QPE89,Chevrolet,2002
6XWUQ40W5A4O2UGCF,Honda,1992
SP99GRXI82E8XM7MI,Toyota,1994
1GNZNJK2040F6L65O,Mercedes,1992
4CC903WQJ6VQQ3NRY,Volkswagen,2014
0091784YDBV6TX04R,Audi,1999
2AZXZ44TOA5GJOKMB,Hyundai,1992
WXTOOF13ZKW3LJ9WR,Volkswagen,2017
X7NRYUPFR21CPTVWM,Hyundai,2010
PWDKPL9FYLCY5SX7K,Mercedes,2004
LFBGTDAHTE1LDHXAF,Audi,2007
GOEZYKM5ACD2N74WY,Volkswagen,2020
4FRMQ8DTR78RF2HAX,Ford,2015
SAJF64E6GATP4PI2I,Mercedes,2008
05FFY9N61KFC44227,Audi,2016
5ZSGFA1H9TOPHXKS4,Audi,2019
EKS7DP14MEBMWU6XZ,BMW,2008
N9A5XWAB5Y9Z7MLGN,Hyundai,1996
NXRKHYBXAMZQVPDEA,Audi,1992
374HMESHGYVGT265K,Audi,2013
25QDHBUT4Y0ZTJJ19,Nissan,2020
7MUQ1DUGQS4VGAP79,Honda,2010
S4MHCL1IGZJ2D0ELV,Ford,1993
9F4LRVNSPC6EL2NNM,Toyota,1993
O15XMXAHMI4P5UJRJ,Chevrolet,2011
6MO3I65R0FS2GD5HZ,Audi,1994
HVDXC9P1YE3ERQFFV,Honda,2021
QYEC0JUG0F1HXQ9SZ,Toyota,2019
WRYOBX9DAU5F1HY2C,Toyota,1990
UYUDHLM8IEC5EXJJF,Honda,2006
3KWHG1HF4R3WFIRA7,Hyundai,2023
OMZQ1UCA5TK93PIKQ,Mercedes,1992
LC6ZODLDC6DGJJR9S,Hyundai,2019
PIPHDWREXAQGEDT6L,BMW,1996
50Q7GRW93G6FFBN2T,Volkswagen,2008
W8QG7YEAO7M3GLRNO,Nissan,2019
MJVJ91IPIP9LM6SW2,Honda,2000
QIEDYMH4MSVXQHDKG,Mercedes,1991
1AFMO51WPF3KCO9DZ,Audi,1993
K6JBNSHSHC7NCEQJS,BMW,2016
NBVAU9WNC2NT6ZWC2,Nissan,2017
OG5MHDJ5BY1F00TI8,Audi,2022
LZ2RJ81BIK4WD660G,Hyundai,2022
53Z9QLVJK7OYYKID0,Hyundai,2011
I5CXLP93BJWIXX8Z4,Toyota,1994
8CM7J4PYQH9CBPY4K,BMW,1994
7NLLFRME3HDZO1F4D,BMW,2009
9GE2TSQ4AC3NETXD9,Mercedes,1997
WVR11H1ZS8BDELKR5,Chevrolet,1998
18Q9IUI708K10PUS8,Mercedes,2004
6Q26BKDKGAPA45HX7,Volkswagen,1994
BTN0OO2OUQ7ALYQ7J,Volkswagen,1996
9MIDWY2HMP3C1KCP4,Audi,2010
773DYGSQP4QE7Z7HS,Nissan,2024
85L91M6IHMF7UN7C2,Nissan,2021
M9A9DBE9D69I2ZCES,Nissan,2007
YT0X9L2PAF2RGG4AX,Audi,2022
NVWKM7LTYW47AGNMI,Ford,1998
PNH3416EZE846RH1T,Audi,2021
BK08GBDJTM2MMCU1K,Toyota,2003
361IL78GDLK2JC1DX,Mercedes,1993
T4XH01TMQ6FJKETL2,Toyota,2014
U9H2SB969Q628XLP3,Volkswagen,1990
NS16411PNGP4B0CAG,Honda,1994
VV9U1NG9IICXOHLKA,Honda,2012
3NKV6F7M1R2BEO2VC,Volkswagen,1995
836CPAK376UFHA60H,Hyundai,2008
JV50W59GGDSDR32AG,Honda,1998
EX1EYIW5N46VGDEUA,BMW,2021
21Q1STZT7GHSD1DH6,BMW,2015
3AA0KLZNAHCJ69MV0,Chevrolet,2005
VSHWH8GAM4PTLD70T,Honda,2022
YJOS2L898QGE4DHL8,Toyota,2015
BS4SLZJUIQCB8YOX2,Volkswagen,2024
7KLR890AXTM271078,Volkswagen,1999
J4MQUVW6Q4HIINHE0,Mercedes,2019
VPNGXSW9G8EUVF1XO,Chevrolet,1997
VIKCMLOSPLU3QVXWQ,Toyota,2022
51O586JQFPYU9MXRL,Toyota,2001
MY82PXYN8EDOL48Q3,Honda,2001
SG27ETG8N42FFUTN1,Nissan,1993
F5GJFEOG9PYLX7TY4,Volkswagen,1995
TIFUYP402HCYR7N7R,Ford,2005
E2JCQGBU2OX0A4SM4,Toyota,2011
0OTKG6QCXRAN8VP7W,Audi,2021
B4I46F61POYG4LQNN,Nissan,1993
MM9YFBAJ3RTVP5895,Nissan,2010
OMKMUFE9X9LDF2C7T,Hyundai,2011
0MPCLK0QDJHBAPQXC,Nissan,2020
ZP5G0FSP1RR90O711,Volkswagen,1995
EXGNNVH51ZT4I5PBR,Hyundai,1990
LM2F3IEXWF4ALSNKV,Volkswagen,1994
GHCSMHHPYDO55GREB,Nissan,2013
O4O9PBF39XYJFNXMB,Ford,2011
UZFTCOQ9RCFL3FI7A,Mercedes,2009
7FXFKGPPU14OIHQJJ,Toyota,1993
PAGT7T5IGUKP0VD5Z,Chevrolet,1990
O410C4GQVM4I024F0,Hyundai,2001
OIGRQ9YRWA5V7B3GH,Volkswagen,1997
CFC3HXAU5BSALC1BQ,Volkswagen,2003
RZTGW9SHIW5QWV3T1,Honda,2024
SZQS0RN2PAQSPPSLR,Toyota,2012
QTYDLPYUGXHCBS55W,Mercedes,2024
TFN5L3BK8D8731J6J,Honda,2016
XJRA7YN362XGXPL7K,Chevrolet,2016
3G5PNNH3V1GQHPCB3,Mercedes,1999
K8O13RUQ034T4OZZC,Volkswagen,2021
1MEJXWEWDY3DVBA9L,Chevrolet,2020
T1TLED1BQMI43PNBU,Hyundai,1998
2M5IOOUSEFQ6L8IOW,Ford,2005
3FDECKCYFEOD3D0M7,Audi,1993
4FHYQ0MUS530SSU7M,Audi,2009
526L5D9PXFGU8SL7Q,Chevrolet,2011
66J8QF7T4FT437SMH,Audi,2002
9OR60CLXVTDTUW6T0,Hyundai,1999
HWP38WEZ6SS4I2G5N,Honda,2013
8Y1ROJNPRLTOPGQUS,Chevrolet,1999
3384ZP165TG6P86KC,Nissan,2016
E12UKVDDN3U86VLGQ,Toyota,1999
QE129S605XNTINOFY,Volkswagen,2012
YDM2E6SL2I5ALR8RY,Mercedes,2015
339QL5N3XBC6BSUVM,BMW,2021
NW9R3B88QSM3ZZDJH,BMW,2024
B0FE9XYOL6EP7X47S,Hyundai,2012
EABUJIG6N3XAXG71G,Volkswagen,2009
3OUUP80SGIMJGR2WF,Hyundai,2005
2GYIF8OY1IP9CAKWS,BMW,2015
YUBNYTGBZMT2DHHRU,Chevrolet,1994
MXOSJINR32U4VJ0D4,Ford,2018
21QIUROE5OIX5PC34,Toyota,1994
A5F6X368F1SCLIWIN,Volkswagen,2007
RY13YKFVLKGVMAUQF,Audi,2010
9KIH8OM77YBOAWHJH,Volkswagen,2014
J5DYU9BPU34TGT0R0,BMW,2004
GAF5Q2VYAR68HA4N8,BMW,1990
HYQYNZGVT496E7LJE,Nissan,2022
8912S0ASVZ49AN7NH,Chevrolet,1993
J48PHYY8LE0DMZM4W,Honda,1999
WCGGCN5JUQ8SL8OT6,Hyundai,1991
R0H8CS87XOSJRGRNL,Mercedes,2021
C5F4CMTWQVWN1XY8A,Chevrolet,2005
0RXSYA1O6M7AOA21O,Honda,1991
EHXR66W7EZCR176BE,Toyota,2005
YHBLHWBG6UG1BZGW6,Hyundai,1996
NFBNTTZLB8F7K11C0,Audi,1999
Q0NFIWLDCH4DBDUBE,Honda,2016
3QNGUK3MU6TZ0WI67,Mercedes,2008
QAR0WW0OD565DVROE,BMW,2000
G3GKOGB3YR44EMSHB,Toyota,2014
HAJ4JX5DS9ZU75OXN,Honda,2024
G718AIH06BSAIVTWV,Nissan,2000
6J15NAVH6BNBD7XGM,Chevrolet,2019
TIHT5YOHE5RUUZZRK,Mercedes,2011
W2LZ88ASYNXVEIZJE,Hyundai,2003
5Z4X3UEJC8N7T66CL,BMW,2004
A86MU6RDJ1B767HXZ,Audi,1996
M17GJR6DRGPJZOJ80,Mercedes,2022
VGKM6U4M9T6ELQJ9Z,Toyota,1994
EHBLIO72GEBHHLBWW,Honda,2021
MCE4MPTX87146I5RJ,Toyota,2018
KVJPT40QBJGRMG2BD,Audi,2011
41AL9SRSUDGBV6XL4,Audi,2021
6C7O12BBKOB226GA8,Honda,2002
CKOPIVKCCUH7LQGYL,Toyota,1992
8HBHJM1NAQYX3KCBO,Hyundai,1994
ACSLTSBEDGN0XM3UD,BMW,2011
K7AYAEDNIRV8OVBX6,Mercedes,2021
0KS2LN8UT1N8OKCN2,BMW,2003
LUVRC79UJSQCGVE4Z,BMW,2019
BQAAOQBJYAXWJ4OZU,Nissan,2021
IFXIURJ9WXUTFFPCE,Honda,2020
0J4EB0SAH3LF4ZHZI,Ford,1997
9SUQTDX0I377CG5C9,Hyundai,1994
LRML63599KRIH91JQ,Chevrolet,1991
RLCEIMWM9G70VLU0Z,Mercedes,2004
QG3IVG12ZH1SMFX79,Audi,1995
QOMNHFS9KXCFRDW8Q,BMW,1993
5KZMOLPXS64B7Z9TQ,Volkswagen,2018
1D9RKIFWPXAPSA64T,Audi,1996
Y2B6PXOQU634EX71Q,Honda,1997
11BHWQHBHU4ARR717,Volkswagen,2024
CPOO5G23ABKLUHPFK,Honda,2013
2PGGXGI4IYWIKLGXK,Chevrolet,1993
7WJ6D0G1EEUV7AWJX,Toyota,2008
8GRKMXXB6ZRQX7EII,Honda,2001
0Q4LMI2SX8PN406AG,Honda,2007
Z2LP1FEDSDTAOYBR0,Mercedes,2020
U6J1FI0MOW40IKLDM,Audi,2008
XIP6ULCKU5T9HA5MX,Toyota,2017
YSSK5O37XUKYVV1YT,Hyundai,2020
WP2XFAQ34GWNKHXM4,Mercedes,2001
DBKS1TN8GO8PFXR74,Volkswagen,2022
JZGP1K2XJKH1ZG5DC,Ford,2019
KSFSKUFN645Y6SPXF,Audi,2003
T4DB2618O55EMHDNB,Audi,2017
WOXILJITB55OG9ARD,Nissan,2023
GM8L3UTN6VU512CKH,Honda,2008
P8M4X9YOUH5CW4I96,Hyundai,2020
G3BXRL0I4130BK5B5,Honda,2023
QI5E8W6YKOCSS917Z,Volkswagen,1998
CJ38ZI1Z4AO01Y3Z7,Mercedes,2003
D8T67UYAH5TWCNPXJ,Ford,1998
4ZCEM5B996ACXPK4U,Hyundai,1999
VUJ7Q1BYEHGA54AH7,Hyundai,2007
MHU57923BIN6F0GGC,Hyundai,2009
MQJURQLAYWU08Z2U5,BMW,2011
1FF3LU37WURABH80U,Volkswagen,2008
YR45N8KQP6LDXOYO6,BMW,2024
1II2EWTLS0EOSCVNK,BMW,2009
PAI29M4AJ9F282RR1,Nissan,1995
YUMXU4823MYBNE87H,Toyota,1997
OIEMKZ7SLW6RCKLDM,Nissan,2024
8T8P1631FGAEZME7F,Nissan,2017
K5YGKD3C0DSIT3KCV,Toyota,2017
JQJAMACHZMTD547G2,Toyota,2020
XXS0029EPXCNC8VC5,Honda,1993
J7MH4RY5953QWYR4F,Toyota,2002
HC0OTEFBG9Z81LAVL,Toyota,1996
3CJRC2MZL88PC7CXX,Volkswagen,2018
WQZK01YQFSU09QDJZ,Chevrolet,2009
XBTRT6X5HV5DN7HXA,Volkswagen,2013
GJYI28ZH04VJCG65J,Honda,1992
ANJFLASN6QEU1SCIH,Toyota,1992
5MQRX4DYM9F3B446H,BMW,2011
HPHEW3ARXAIWPZZ5F,Chevrolet,2014
K1B4OCZ5V0ZKQMMP5,Toyota,1992
RGGYP0P39MLXCWJZ6,BMW,2016
86KP4ALNHRG8ATJVG,Volkswagen,1994
Q75B88FTBKULECC9N,Toyota,2001
LM4Z8NKTXF38KJN3Y,BMW,1993
XCEM29SMF3LLF4LU1,Mercedes,2007
90XMY08Y47JF64LZI,Hyundai,2018
9SFWD082WO4B5HE92,Chevrolet,2005
QXLKUMTMWYIVW89TM,Volkswagen,1990
TETUMWP8WT2P2L6ZN,Ford,2010
YOV25PTT1YQ79437Y,Honda,1995
16DIT01C17U7FM94J,Audi,2003
XMVAUGSPI9R6UF84P,Volkswagen,2024
P6HGN7JNNQL2INHPP,BMW,2000
2EEOJ5PF3JJ9PLIZU,Nissan,2020
7AUEEEQA6IWNKMX94,Mercedes,2015
5GV6ZIOGUXJM41ESK,Mercedes,2015
R31TZBECG6FIBZSVZ,Chevrolet,2010
JOFWV1PROSN6PO4V0,Mercedes,1993
5PQFYJAF4S690NK9X,Nissan,2016
S033DOR5P7N8ZL6HT,Toyota,2018
HHO56P3NIKVSI3O3R,Chevrolet,2002
DZ52TQN07UG0DJCI8,BMW,2014
BRPFOE0A20CUGTTCB,Hyundai,2005
TZ5SZ1ECQMS2D4OUR,Ford,2023
VUDMBDPWHEQQ41DXK,BMW,2002
7ZMAE1BYN8WVMX2MU,Nissan,2001
5IVSSP2RAAEOY197R,Audi,2010
AWMBGIM6SVJU2KZSQ,Toyota,2011
980K2QARGD2CR6T9C,Audi,2003
7RUHKKC8GV1G89PBN,Honda,1994
321VRBCTNFQGCFL8S,Toyota,1991
V2GRYX967109ZL95U,Mercedes,1999
ZSXBSZC857TMXF7FM,Chevrolet,1994
IJQQM5DEM24MNQ2LS,Honda,2005
7XOBIMSMWN9V31ZE7,Chevrolet,2013
PG88NGHBUNP1VTWKY,Toyota,1996
GN7XCN034LRYNXV8B,Ford,2005
OKBJ98MXID7Y0E01O,Chevrolet,2006
3XW9TKCFYBPWNPP4Y,Hyundai,2002
DE84ZW6BNGUR5IX2K,Hyundai,2008
CLHFXYJ6IS93KKS1Q,Audi,2009
654WBGP7CPJM9Q1J6,Honda,1996
MQTFIYRRJP425APL0,Nissan,1994
K5PWEEWROFBL2CD5B,Hyundai,2003
T6BE8C9KZPR4SAJTK,Hyundai,1998
QGNQTCHHGPGLMOCO7,Honda,2010
GV9QR2SKPG7AYWMKK,Hyundai,2013
HOGXE0Y4ECCOEZ67N,Chevrolet,1990
WHGG7OB9JVIGP1WYQ,Ford,2021
QFHP83XVTOGQN8O2T,Hyundai,2003
67J29URWPHF8C3IBB,BMW,2009
4U3D1XY0ZIGZIQ49O,Hyundai,2016
CX5Z8K4FUSQZN3V0Z,Volkswagen,2021
EUKONQSLE8YDCEFTA,BMW,2012
00R5T7JL87NRJ50HT,BMW,2014
41UONVSSAZS5VCDXB,Mercedes,2006
FZDMYWAUNBQ7XJTTI,Chevrolet,2002
